index,sanityId,title,slug,sku,sourceUrl,categoryPath,productType,isActive,recordType,verificationStatus,galleryAssetCount,galleryImageUrlCount,rawImageUrlCount,sectionCount,variantCount,optionGroupCount,officialTitle,officialSubtitle,officialSku,officialSourceUrl,officialGalleryCount,officialSectionCount,verifiedAt,notes
1,prod_kent__somnosuite-y-adapter,2-Accessory Connector,somnosuite-y-adapter,10-4500-09,https://www.kentscientific.com/products/somnosuite-y-adapter/,anesthesia > anesthesia-accessories,variant,true,PRODUCT,UNRESOLVED,6,0,6,0,3,1,,,,https://www.kentscientific.com/products/somnosuite-y-adapter/,0,0,2026-07-28T09:28:05.228Z,preflight=UNRESOLVED; official_fetch_failed:403 Forbidden
2,prod_kent__3-accessory-connector,3 Accessory Connector,3-accessory-connector,10-1000-185,https://www.kentscientific.com/products/3-accessory-connector/,anesthesia > anesthesia-accessories,variant,true,PRODUCT,UNVERIFIED,4,0,1,0,2,1,,,,,,,,
3,prod_kent__ac-adapters-and-power-cords,AC Adapters and Power Cords,ac-adapters-and-power-cords,10-1000-32,https://www.kentscientific.com/products/ac-adapters-and-power-cords/,anesthesia > anesthesia-accessories,variant,true,PRODUCT,UNVERIFIED,4,0,3,0,3,1,,,,,,,,
4,prod_kent__accuris-mini-balances,Accuris™ Mini Balances,accuris-mini-balances,SCL-W1005-100,https://www.kentscientific.com/products/accuris-mini-balances/,laboratory-animal-handling > scales,variant,true,PRODUCT,UNVERIFIED,3,0,2,0,4,1,,,,,,,,
5,prod_kent__acrylic-brain-matrices,Acrylic Brain Matrices,acrylic-brain-matrices,RBMA-200C,https://www.kentscientific.com/products/acrylic-brain-matrices/,tissue-collection > brain-matricies,variant,true,PRODUCT,UNVERIFIED,6,0,1,0,4,1,,,,,,,,
6,prod_kent__activated-charcoal-absorption-filters-1,Activated Charcoal Absorption Filters,activated-charcoal-absorption-filters-1,10-2001-8,https://www.kentscientific.com/products/activated-charcoal-absorption-filters-1/,anesthesia > anesthesia-accessories,variant,true,PRODUCT,UNVERIFIED,6,0,2,0,3,1,,,,,,,,
7,prod_kent__aeroneb-lab-control-module,Aeroneb® Lab Control Module,aeroneb-lab-control-module,NEB-7000,https://www.kentscientific.com/products/aeroneb-lab-control-module/,nebulizers,simple,true,PRODUCT,UNVERIFIED,5,0,1,0,0,0,,,,,,,,
8,prod_kent__aeroneb-lab-control-module-kit,Aeroneb® Lab Control Module Kit,aeroneb-lab-control-module-kit,NEB-7000SM,https://www.kentscientific.com/products/aeroneb-lab-control-module-kit/,nebulizers,variant,true,PRODUCT,UNVERIFIED,4,0,1,0,2,1,,,,,,,,
9,prod_kent__aeroneb-lab-nebulizer-unit,Aeroneb® Lab Nebulizer,aeroneb-lab-nebulizer-unit,NEB-1000,https://www.kentscientific.com/products/aeroneb-lab-nebulizer-unit/,nebulizers,variant,true,PRODUCT,UNVERIFIED,4,0,2,0,2,1,,,,,,,,
10,prod_kent__analog-output-cable,Analog Output Cable,analog-output-cable,CBL-ANAOUT-MINI,https://www.kentscientific.com/products/analog-output-cable/,physiological-monitoring-accessories,simple,true,PRODUCT,UNVERIFIED,4,0,1,0,0,0,,,,,,,,
11,prod_kent__anesthesia-mask-nebulizer-delivery-system,Anesthesia Mask Nebulizer Delivery System,anesthesia-mask-nebulizer-delivery-system,NEB-0801,https://www.kentscientific.com/products/anesthesia-mask-nebulizer-delivery-system/,nebulizers,variant,true,PRODUCT,UNVERIFIED,6,0,2,0,4,1,,,,,,,,
12,prod_kent__anesthesia-mask-tubing-kits-for-intubation,Anesthesia Mask Tubing Kits for Intubation,anesthesia-mask-tubing-kits-for-intubation,N/A,https://www.kentscientific.com/products/anesthesia-mask-tubing-kits-for-intubation/,ventilation > intubation,variant,true,PRODUCT,UNVERIFIED,4,0,4,0,2,1,,,,,,,,
13,prod_kent__anesthesia-masks-breathing-circuits-for-somnosuite,Anesthesia Masks Breathing Circuits for SomnoSuite®,anesthesia-masks-breathing-circuits-for-somnosuite,SOMNO-0304,https://www.kentscientific.com/products/anesthesia-masks-breathing-circuits-for-somnosuite/,anesthesia > anesthesia-accessories,variant,true,PRODUCT,UNVERIFIED,4,0,4,0,5,1,,,,,,,,
14,prod_kent__anesthesia-masks-breathing-circuits-for-traditional-vaporizers,Anesthesia Masks Breathing Circuits for Traditional Vaporizers,anesthesia-masks-breathing-circuits-for-traditional-vaporizers,VETFLO-0304,https://www.kentscientific.com/products/anesthesia-masks-breathing-circuits-for-traditional-vaporizers/,anesthesia > anesthesia-accessories,variant,true,PRODUCT,UNVERIFIED,4,0,4,0,5,1,,,,,,,,
15,prod_kent__anesthetic-depth-indicator,Anesthetic Depth Indicator,anesthetic-depth-indicator,ANEST-IND,https://www.kentscientific.com/products/anesthetic-depth-indicator/,anesthesia > anesthesia-accessories,simple,true,PRODUCT,UNVERIFIED,4,0,4,0,0,0,,,,,,,,
16,prod_kent__angled-5-tweezer-kit,Angled 5 Tweezer Kit,angled-5-tweezer-kit,INS750-KIT,https://www.kentscientific.com/products/angled-5-tweezer-kit/,surgery > surgical-instruments > surgical-tweezers,simple,true,PRODUCT,UNVERIFIED,3,0,3,0,0,0,,,,,,,,
17,prod_kent__chamber-nebulizer-delivery-system,Animal Chamber Nebulizer Delivery System,chamber-nebulizer-delivery-system,NEB-0530LG,https://www.kentscientific.com/products/chamber-nebulizer-delivery-system/,nebulizers,variant,true,PRODUCT,UNVERIFIED,4,0,4,0,4,1,,,,,,,,
18,prod_kent__nose-cone-nebulizer-delivery-system,Animal Holder Nebulizer Delivery System,nose-cone-nebulizer-delivery-system,NEB-MS,https://www.kentscientific.com/products/nose-cone-nebulizer-delivery-system/,nebulizers,variant,true,PRODUCT,UNVERIFIED,5,0,5,0,7,2,,,,,,,,
19,prod_kent__animal-weighing-scale,Animal Weighing Scale,animal-weighing-scale,SCL-4000,https://www.kentscientific.com/products/animal-weighing-scale/,laboratory-animal-handling > scales,simple,true,PRODUCT,UNVERIFIED,4,0,4,0,0,0,,,,,,,,
20,prod_kent__anipill,AniPill,anipill,,https://www.kentscientific.com/products/anipill/,physiological-monitoring,simple,true,PRODUCT,UNVERIFIED,3,0,3,0,0,0,,,,,,,,
21,prod_kent__anti-spill-device-for-funnel-filled-vaporizers,Anti-Spill Device for Funnel Filled Vaporizers,anti-spill-device-for-funnel-filled-vaporizers,VETFLO-7105,https://www.kentscientific.com/products/anti-spill-device-for-funnel-filled-vaporizers/,anesthesia > anesthesia-accessories,variant,true,PRODUCT,UNVERIFIED,4,0,4,0,2,1,,,,,,,,
22,prod_kent__somnosuite-anti-spill-anti-vapor-bottle-top-adapter,"Anti-Spill, Anti-Vapor Bottle Top Adapter",somnosuite-anti-spill-anti-vapor-bottle-top-adapter,SOMNO-FILL-SEVO,https://www.kentscientific.com/products/somnosuite-anti-spill-anti-vapor-bottle-top-adapter/,anesthesia > anesthesia-accessories,variant,true,PRODUCT,UNVERIFIED,6,0,6,0,2,1,,,,,,,,
23,prod_kent__arco-se,ARCO® SE Kit,arco-se,CL8786-KIT,https://www.kentscientific.com/products/arco-se/,clippers,simple,true,PRODUCT,UNVERIFIED,4,0,4,0,0,0,,,,,,,,
24,prod_kent__autoclip-applier,Autoclip Applier,autoclip-applier,INS750545,https://www.kentscientific.com/products/autoclip-applier/,surgery > surgical-instruments > wound-closure > autoclips,simple,true,PRODUCT,UNVERIFIED,4,0,4,0,0,0,,,,,,,,
25,prod_kent__autoclips-9-mm,Autoclips 9 mm,autoclips-9-mm,INS750546,https://www.kentscientific.com/products/autoclips-9-mm/,surgery > surgical-instruments > wound-closure > autoclips,simple,true,PRODUCT,UNVERIFIED,3,0,3,0,0,0,,,,,,,,
26,prod_kent__bluetooth-low-energy-handheld-reader,Bluetooth Low Energy Handheld Reader,bluetooth-low-energy-handheld-reader,LID-710,https://www.kentscientific.com/products/bluetooth-low-energy-handheld-reader/,rfid-transponder-system,variant,true,PRODUCT,UNVERIFIED,3,0,3,0,2,1,,,,,,,,
27,prod_kent__cannula-adapter,Cannula Adapter,cannula-adapter,3468ADH,https://www.kentscientific.com/products/cannula-adapter/,physiological-monitoring-accessories,simple,true,PRODUCT,UNVERIFIED,4,0,4,0,0,0,,,,,,,,
28,prod_kent__castroviejo-needle-holder-serrated,Castroviejo Needle Holder Serrated,castroviejo-needle-holder-serrated,INS600137,https://www.kentscientific.com/products/castroviejo-needle-holder-serrated/,surgery > surgical-instruments > needle-holders,simple,true,PRODUCT,UNVERIFIED,4,0,4,0,0,0,,,,,,,,
29,prod_kent__coda-animal-holders,CODA® Animal Holders,coda-animal-holders,HLD-ML,https://www.kentscientific.com/products/coda-animal-holders/,noninvasive-blood-pressure-accessories,variant,true,PRODUCT,UNVERIFIED,3,0,3,0,7,1,,,,,,,,
30,prod_kent__coda-cuff-storage-container,CODA® Cuff Storage Container,coda-cuff-storage-container,CODA-CSC,https://www.kentscientific.com/products/coda-cuff-storage-container/,noninvasive-blood-pressure > noninvasive-blood-pressure-accessories > accessories-for-coda-monitor > coda-cuffs,simple,true,PRODUCT,UNVERIFIED,6,0,6,0,0,0,,,,,,,,
31,prod_kent__coda-data-acquisition-software,CODA® Data Acquisition Software,coda-data-acquisition-software,CODA-PCS42,https://www.kentscientific.com/products/coda-data-acquisition-software/,noninvasive-blood-pressure > noninvasive-blood-pressure-accessories > accessories-for-coda-monitor,simple,true,PRODUCT,UNVERIFIED,4,0,4,0,0,0,,,,,,,,
32,prod_kent__coda-high-throughput-cuff-kits,CODA® High Throughput Cuff Kits,coda-high-throughput-cuff-kits,MSE-CUFFKIT,https://www.kentscientific.com/products/coda-high-throughput-cuff-kits/,noninvasive-blood-pressure > noninvasive-blood-pressure-accessories > accessories-for-coda-monitor > coda-cuffs,variant,true,PRODUCT,UNVERIFIED,11,0,11,0,4,1,,,,,,,,
33,prod_kent__coda-high-throughput-occlusion-cuffs,CODA® High Throughput Occlusion Cuffs,coda-high-throughput-occlusion-cuffs,N/A,https://www.kentscientific.com/products/coda-high-throughput-occlusion-cuffs/,noninvasive-blood-pressure > noninvasive-blood-pressure-accessories > accessories-for-coda-monitor > coda-cuffs,variant,true,PRODUCT,UNVERIFIED,3,0,3,0,5,1,,,,,,,,
34,prod_kent__coda-high-throughput-system,CODA® High Throughput System,coda-high-throughput-system,CODA-HT2,https://www.kentscientific.com/products/coda-high-throughput-system/,noninvasive-blood-pressure,variant,true,PRODUCT,UNVERIFIED,7,0,7,0,4,1,,,,,,,,
35,prod_kent__coda-high-throughput-vpr-cuffs,CODA® High Throughput VPR Cuffs,coda-high-throughput-vpr-cuffs,N/A,https://www.kentscientific.com/products/coda-high-throughput-vpr-cuffs/,noninvasive-blood-pressure > noninvasive-blood-pressure-accessories > accessories-for-coda-monitor > coda-cuffs,variant,true,PRODUCT,UNVERIFIED,4,0,4,0,4,1,,,,,,,,
36,prod_kent__coda-monitor,CODA® Monitor,coda-monitor,CODA-M1,https://www.kentscientific.com/products/coda-monitor/,noninvasive-blood-pressure,simple,true,PRODUCT,UNVERIFIED,8,0,8,0,0,0,,,,,,,,
37,prod_kent__nose-cone-animal-holders-with-stand,CODA® Monitor Animal Holders,nose-cone-animal-holders-with-stand,HLD-ML-T,https://www.kentscientific.com/products/nose-cone-animal-holders-with-stand/,noninvasive-blood-pressure > noninvasive-blood-pressure-accessories > accessories-for-coda-monitor,variant,true,PRODUCT,UNVERIFIED,6,0,6,0,7,2,,,,,,,,
38,prod_kent__coda-monitor-cuff-kits,CODA® Monitor Cuff Kits,coda-monitor-cuff-kits,M-OCC-L,https://www.kentscientific.com/products/coda-monitor-cuff-kits/,noninvasive-blood-pressure > noninvasive-blood-pressure-accessories > accessories-for-coda-monitor,variant,true,PRODUCT,UNVERIFIED,11,0,11,0,4,1,,,,,,,,
39,prod_kent__coda-monitor-occlusion-cuff-kits,CODA® Monitor Occlusion Cuff Kits,coda-monitor-occlusion-cuff-kits,M-OCC-XS,https://www.kentscientific.com/products/coda-monitor-occlusion-cuff-kits/,noninvasive-blood-pressure > noninvasive-blood-pressure-accessories > accessories-for-coda-monitor,variant,true,PRODUCT,UNVERIFIED,3,0,3,0,5,1,,,,,,,,
40,prod_kent__coda-monitor-vpr-cuff-kits,CODA® Monitor VPR Cuff Kits,coda-monitor-vpr-cuff-kits,M-OCC-L-1,https://www.kentscientific.com/products/coda-monitor-vpr-cuff-kits/,noninvasive-blood-pressure > noninvasive-blood-pressure-accessories > accessories-for-coda-monitor,variant,true,PRODUCT,UNVERIFIED,3,0,3,0,4,1,,,,,,,,
41,prod_kent__curved-feeding-needles,Curved Feeding Needles,curved-feeding-needles,FNC-14-3-2,https://www.kentscientific.com/products/curved-feeding-needles/,feeding-needles,variant,true,PRODUCT,UNVERIFIED,3,0,3,0,5,1,,,,,,,,
42,prod_kent__cylinder-bracket,Cylinder Bracket,cylinder-bracket,MC-101,https://www.kentscientific.com/products/cylinder-bracket/,mobile-carts,simple,true,PRODUCT,UNVERIFIED,5,0,5,0,0,0,,,,,,,,
43,prod_kent__disposable-sleeve-protectors-for-dct-15-and-dct-20-far-infrared-warming-pads,Disposable Sleeve Protectors for DCT-15 and DCT-20 Far Infrared Warming Pads,disposable-sleeve-protectors-for-dct-15-and-dct-20-far-infrared-warming-pads,DCT-1520P-3,https://www.kentscientific.com/products/disposable-sleeve-protectors-for-dct-15-and-dct-20-far-infrared-warming-pads/,warming,simple,true,PRODUCT,UNVERIFIED,3,0,3,0,0,0,,,,,,,,
44,prod_kent__dissecting-scissors-straight-10-cm-long,Dissecting Scissors Straight 10 cm Long,dissecting-scissors-straight-10-cm-long,INS600393-4,https://www.kentscientific.com/products/dissecting-scissors-straight-10-cm-long/,surgery > surgical-instruments > laboratory-scissors,simple,true,PRODUCT,UNVERIFIED,4,0,4,0,0,0,,,,,,,,
45,prod_kent__ear-tag-applicator-with-spring-1,Ear Tag Applicator,ear-tag-applicator-with-spring-1,TAG-APP,https://www.kentscientific.com/products/ear-tag-applicator-with-spring-1/,ear-tags,simple,true,PRODUCT,UNVERIFIED,5,0,5,0,0,0,,,,,,,,
46,prod_kent__elastic-wire-positioner,Elastic Wire Positioners,elastic-wire-positioner,SURGI-5019-3,https://www.kentscientific.com/products/elastic-wire-positioner/,surgery > surgical-accessories > surgical-accessories-for-surgisuite,simple,true,PRODUCT,UNVERIFIED,4,0,4,0,0,0,,,,,,,,
47,prod_kent__elizabethan-collars,Elizabethan Collars,elizabethan-collars,EC201V-10,https://www.kentscientific.com/products/elizabethan-collars/,animal-holders,variant,true,PRODUCT,UNVERIFIED,4,0,4,0,4,1,,,,,,,,
48,prod_kent__endotracheal-intubation-kits,Endotracheal Intubation Kits,endotracheal-intubation-kits,ETI-MSE,https://www.kentscientific.com/products/endotracheal-intubation-kits/,ventilation > intubation,variant,true,PRODUCT,UNVERIFIED,12,0,12,0,2,1,,,,,,,,
49,prod_kent__endotracheal-tubes,Endotracheal Tubes,endotracheal-tubes,ETT-1610,https://www.kentscientific.com/products/endotracheal-tubes/,ventilation > intubation,variant,true,PRODUCT,UNVERIFIED,5,0,5,0,6,1,,,,,,,,
50,prod_kent__external-powerbank,External Powerbank,external-powerbank,EXT-PWRBANK,https://www.kentscientific.com/products/external-powerbank/,physiological-monitoring-accessories,simple,true,PRODUCT,UNVERIFIED,4,0,4,0,0,0,,,,,,,,
51,prod_kent__far-infrared-warming-pad,Far Infrared Warming Pad,far-infrared-warming-pad,RT-0501,https://www.kentscientific.com/products/far-infrared-warming-pad/,warming,variant,true,PRODUCT,UNVERIFIED,4,0,4,0,2,1,,,,,,,,
52,prod_kent__far-infrared-warming-pads-with-controller,Far Infrared Warming Pads with Controller,far-infrared-warming-pads-with-controller,RT-0515,https://www.kentscientific.com/products/far-infrared-warming-pads-with-controller/,warming,variant,true,PRODUCT,UNVERIFIED,4,0,4,0,2,1,,,,,,,,
53,prod_kent__fiber-optic-lighting-assembly,Fiber Optic Lighting Assembly,fiber-optic-lighting-assembly,ETI-12,https://www.kentscientific.com/products/fiber-optic-lighting-assembly/,ventilation > intubation,simple,true,PRODUCT,UNVERIFIED,4,0,4,0,0,0,,,,,,,,
54,prod_kent__fiber-optic-lighting-kits,Fiber Optic Lighting Kits,fiber-optic-lighting-kits,ETI-MSE-02,https://www.kentscientific.com/products/fiber-optic-lighting-kits/,ventilation > intubation,variant,true,PRODUCT,UNVERIFIED,4,0,4,0,2,1,,,,,,,,
55,prod_kent__fine-dressing-forceps-10-cm-long,Fine Dressing Forceps 10 cm Long,fine-dressing-forceps-10-cm-long,INS650914-4,https://www.kentscientific.com/products/fine-dressing-forceps-10-cm-long/,surgery > surgical-instruments > forceps > dressing-forceps,simple,true,PRODUCT,UNVERIFIED,4,0,4,0,0,0,,,,,,,,
56,prod_kent__fine-dressing-forceps-155-cm-long,"Fine Dressing Forceps, 15.5 cm Long",fine-dressing-forceps-155-cm-long,INS750363-4,https://www.kentscientific.com/products/fine-dressing-forceps-155-cm-long/,surgery > surgical-instruments > forceps > dressing-forceps,simple,true,PRODUCT,UNVERIFIED,3,0,3,0,0,0,,,,,,,,
57,prod_kent__flat-bottom-rodent-holders,Flat Bottom Rodent Holders,flat-bottom-rodent-holders,RSTR541,https://www.kentscientific.com/products/flat-bottom-rodent-holders/,animal-holders,variant,true,PRODUCT,UNVERIFIED,4,0,4,0,4,1,,,,,,,,
58,prod_kent__glass-syringe-10-ml,"Glass Syringe, 10 mL",glass-syringe-10-ml,SOMNO-10ML,https://www.kentscientific.com/products/glass-syringe-10-ml/,anesthesia > anesthesia-accessories,variant,true,PRODUCT,UNVERIFIED,4,0,4,0,2,1,,,,,,,,
59,prod_kent__glass-syringe-5-ml,"Glass Syringe, 5 mL",glass-syringe-5-ml,N/A,https://www.kentscientific.com/products/glass-syringe-5-ml/,anesthesia > anesthesia-accessories,variant,true,PRODUCT,UNVERIFIED,3,0,3,0,2,1,,,,,,,,
60,prod_kent__hartman-mosquito-hemostatic-forceps-curved,Hartman Mosquito Hemostatic Forceps Curved,hartman-mosquito-hemostatic-forceps-curved,INS750452-2,https://www.kentscientific.com/products/hartman-mosquito-hemostatic-forceps-curved/,surgery > surgical-instruments > forceps > hemostat-forceps,simple,true,PRODUCT,UNVERIFIED,4,0,4,0,0,0,,,,,,,,
61,prod_kent__hartman-mosquito-hemostatic-forceps-straight,"Hartman Mosquito Hemostatic Forceps, Straight",hartman-mosquito-hemostatic-forceps-straight,INS750451-2,https://www.kentscientific.com/products/hartman-mosquito-hemostatic-forceps-straight/,surgery > surgical-instruments > forceps > hemostat-forceps,simple,true,PRODUCT,UNVERIFIED,4,0,4,0,0,0,,,,,,,,
62,prod_kent__holder-for-activated-charcoal-absorption-filter,Holder for Activated Charcoal Absorption Filter,holder-for-activated-charcoal-absorption-filter,SOMNO-2001H,https://www.kentscientific.com/products/holder-for-activated-charcoal-absorption-filter/,anesthesia > anesthesia-accessories,simple,true,PRODUCT,UNVERIFIED,6,0,6,0,0,0,,,,,,,,
63,prod_kent__htp-1500-heat-therapy-pump,HTP-1500 Heat Therapy Pump,htp-1500-heat-therapy-pump,HTP-1500,https://www.kentscientific.com/products/htp-1500-heat-therapy-pump/,warming > water-recirculators,simple,true,PRODUCT,UNVERIFIED,4,0,4,0,0,0,,,,,,,,
64,prod_kent__humaneway-blood-collection-needles,Humaneway™ Blood Collection Needles,humaneway-blood-collection-needles,BLD-HW-BS,https://www.kentscientific.com/products/humaneway-blood-collection-needles/,tail-vein-training-materials,simple,true,PRODUCT,UNVERIFIED,3,0,3,0,0,0,,,,,,,,
65,prod_kent__humaneway-winged-infusion-sets,Humaneway™ Injection and Blood Collection Needles,humaneway-winged-infusion-sets,INF-HW-BI,https://www.kentscientific.com/products/humaneway-winged-infusion-sets/,blood-collection,simple,true,PRODUCT,UNVERIFIED,4,0,4,0,0,0,,,,,,,,
66,prod_kent__humaneway-rodent-restraint,Humaneway™ Rodent Restraint Device,humaneway-rodent-restraint,RSTR-HW-MR1,https://www.kentscientific.com/products/humaneway-rodent-restraint/,tail-vein-training-materials,variant,true,PRODUCT,UNVERIFIED,5,0,5,0,6,1,,,,,,,,
67,prod_kent__tail-vein-simulator,Humaneway™ Tail Vein Simulator,tail-vein-simulator,TAIL-HW-MSBK,https://www.kentscientific.com/products/tail-vein-simulator/,tail-vein-training-materials,variant,true,PRODUCT,UNVERIFIED,3,0,3,0,3,1,,,,,,,,
68,prod_kent__instrument-micro-bead-sterilizer,Instrument Micro Bead Sterilizer,instrument-micro-bead-sterilizer,INS700860,https://www.kentscientific.com/products/instrument-micro-bead-sterilizer/,instrument-cleaning,variant,true,PRODUCT,UNVERIFIED,4,0,4,0,2,1,,,,,,,,
69,prod_kent__intubation-stands,Intubation Stands,intubation-stands,ETI-MSE-01,https://www.kentscientific.com/products/intubation-stands/,ventilation > intubation,variant,true,PRODUCT,UNVERIFIED,4,0,4,0,2,1,,,,,,,,
70,product-kent-b9460b5b3841ff29,Iris Dressing Forceps,iris-dressing-forceps,INS650915-4,https://www.kentscientific.com/products/iris-dressing-forceps/,surgery > surgical-instruments > forceps > dressing-forceps,simple,true,PRODUCT,UNVERIFIED,4,0,4,0,0,0,,,,,,,,
71,product-kent-5db8bae29f00a33a,Iris Scissors Straight 11 cm Long,iris-scissors-straight-11-cm-long,INS750216-2,https://www.kentscientific.com/products/iris-scissors-straight-11-cm-long/,surgery > surgical-instruments > laboratory-scissors,simple,true,PRODUCT,UNVERIFIED,4,0,4,0,0,0,,,,,,,,
72,prod_kent__la-pias-ear-tag-applicator,La Pias Ear Tag Applicator,la-pias-ear-tag-applicator,LPTAG-APP,https://www.kentscientific.com/products/la-pias-ear-tag-applicator/,ear-tags,variant,true,PRODUCT,UNVERIFIED,4,0,4,0,2,1,,,,,,,,
73,prod_kent__la-pias-ear-tags-extra-backs,La Pias Ear Tags Extra Backs,la-pias-ear-tags-extra-backs,LPTAG-BACKS,https://www.kentscientific.com/products/la-pias-ear-tags-extra-backs/,ear-tags,simple,true,PRODUCT,UNVERIFIED,5,0,5,0,0,0,,,,,,,,
74,prod_kent__la-pias-mouse-ear-tags,La Pias Mouse Ear Tags,la-pias-mouse-ear-tags,N/A,https://www.kentscientific.com/products/la-pias-mouse-ear-tags/,ear-tags,variant,true,PRODUCT,UNVERIFIED,5,0,5,0,0,2,,,,,,,,
75,prod_kent__la-pias-rat-ear-tags,La Pias Rat Ear Tags,la-pias-rat-ear-tags,RLPTAG-BLACK-1-100,https://www.kentscientific.com/products/la-pias-rat-ear-tags/,ear-tags,variant,true,PRODUCT,UNVERIFIED,5,0,5,0,0,2,,,,,,,,
76,prod_kent__large-animal-sensors,Large Animal Sensors,large-animal-sensors,MSTAT-SENSOR-LG,https://www.kentscientific.com/products/large-animal-sensors/,physiological-monitoring-accessories,variant,true,PRODUCT,UNVERIFIED,4,0,4,0,2,1,,,,,,,,
77,prod_kent__laser-etched-ear-tags-one-sided,"Laser Etched Ear Tags, One Sided",laser-etched-ear-tags-one-sided,TAGL1-500,https://www.kentscientific.com/products/laser-etched-ear-tags-one-sided/,ear-tags,variant,true,PRODUCT,UNVERIFIED,7,0,7,0,20,1,,,,,,,,
78,prod_kent__laser-etched-ear-tags-two-sided,"Laser Etched Ear Tags, Two Sided",laser-etched-ear-tags-two-sided,TAGLD1-500,https://www.kentscientific.com/products/laser-etched-ear-tags-two-sided/,ear-tags,variant,true,PRODUCT,UNVERIFIED,7,0,7,0,19,1,,,,,,,,
79,prod_kent__led-lighting-kit,LED Lighting and Magnification Kit,led-lighting-kit,SURGI-5003,https://www.kentscientific.com/products/led-lighting-kit/,surgery > surgical-accessories,simple,true,PRODUCT,UNVERIFIED,4,0,4,0,0,0,,,,,,,,
80,prod_kent__low-cost-chambers-for-somnosuite,Low Cost Chambers,low-cost-chambers-for-somnosuite,SOMNO-0705,https://www.kentscientific.com/products/low-cost-chambers-for-somnosuite/,anesthesia > anesthesia-accessories,variant,true,PRODUCT,UNVERIFIED,3,0,3,0,4,1,,,,,,,,
81,prod_kent__low-cost-chambers-for-traditional-vaporizers,Low Cost Chambers for Traditional Vaporizers,low-cost-chambers-for-traditional-vaporizers,VETFLO-0705,https://www.kentscientific.com/products/low-cost-chambers-for-traditional-vaporizers/,anesthesia > anesthesia-accessories,variant,true,PRODUCT,UNVERIFIED,3,0,3,0,4,1,,,,,,,,
82,prod_kent__low-profile-anesthesia-masks-for-traditional-vaporizers,Low Profile Anesthesia Masks for Traditional Vaporizers,low-profile-anesthesia-masks-for-traditional-vaporizers,VETFLO-0801,https://www.kentscientific.com/products/low-profile-anesthesia-masks-for-traditional-vaporizers/,anesthesia > anesthesia-accessories,variant,true,PRODUCT,UNVERIFIED,9,0,9,0,4,1,,,,,,,,
83,prod_kent__low-profile-anesthesia-masks-for-somnosuite,Low-Profile Anesthesia Masks,low-profile-anesthesia-masks-for-somnosuite,SOMNO-0801,https://www.kentscientific.com/products/low-profile-anesthesia-masks-for-somnosuite/,anesthesia > anesthesia-accessories,variant,true,PRODUCT,UNVERIFIED,9,0,9,0,4,1,,,,,,,,
84,prod_kent__lung-instillation-nebulizer-delivery-system,Lung Instillation Nebulizer Delivery System,lung-instillation-nebulizer-delivery-system,NEB-1200,https://www.kentscientific.com/products/lung-instillation-nebulizer-delivery-system/,nebulizers,simple,true,PRODUCT,UNVERIFIED,4,0,4,0,0,0,,,,,,,,
85,prod_kent__magnetic-fixators-with-spring-locks,Magnetic Fixators with Spring Locks,magnetic-fixators-with-spring-locks,SURGI-5010-2,https://www.kentscientific.com/products/magnetic-fixators-with-spring-locks/,surgery > surgical-accessories,variant,true,PRODUCT,UNVERIFIED,8,0,8,0,2,1,,,,,,,,
86,prod_kent__magnetic-positioners-and-stabilizers,Magnetic Positioners and Stabilizers,magnetic-positioners-and-stabilizers,SURGI-5030-2,https://www.kentscientific.com/products/magnetic-positioners-and-stabilizers/,surgery > surgical-accessories,simple,true,PRODUCT,UNVERIFIED,4,0,4,0,0,0,,,,,,,,
87,product-kent-37bbf0a24b511d6c,Mayo Operating Scissors Straight,mayo-operating-scissors-straight,INS700540,https://www.kentscientific.com/products/mayo-operating-scissors-straight/,surgery > surgical-instruments > laboratory-scissors,simple,true,PRODUCT,UNVERIFIED,4,0,4,0,0,0,,,,,,,,
88,product-kent-381e435299b1956a,McPherson Vannas Micro Scissors 7 cm Long,mcpherson-vannas-micro-scissors-7-cm-long,INS600177,https://www.kentscientific.com/products/mcpherson-vannas-micro-scissors-7-cm-long/,surgery > surgical-instruments > laboratory-scissors > micro-scissors,simple,true,PRODUCT,UNVERIFIED,4,0,4,0,0,0,,,,,,,,
89,product-kent-874cd14245dac46c,McPherson Vannas Micro Scissors 8 cm Long,mcpherson-vannas-micro-scissors-8-cm-long,INS600124,https://www.kentscientific.com/products/mcpherson-vannas-micro-scissors-8-cm-long/,surgery > surgical-instruments > laboratory-scissors > micro-scissors,simple,true,PRODUCT,UNVERIFIED,4,0,4,0,0,0,,,,,,,,
90,product-kent-ab32bca55790c636,Micro Bulldog Clamp,micro-bulldog-clamp,INS600119-2,https://www.kentscientific.com/products/micro-bulldog-clamp/,surgery > surgical-instruments > wound-closure > bull-dog-clamps,simple,true,PRODUCT,UNVERIFIED,4,0,4,0,0,0,,,,,,,,
91,product-kent-920193c1eca52cab,Micro Dissecting Forceps Serrated Straight,micro-dissecting-forceps-serrated-straight,INS700100-2,https://www.kentscientific.com/products/micro-dissecting-forceps-serrated-straight/,surgery > surgical-instruments > forceps,simple,true,PRODUCT,UNVERIFIED,4,0,4,0,0,0,,,,,,,,
92,prod_kent__micro-transponder-with-lancet-for-direct-implantation,Micro Transponder with Lancet for Direct Implantation,micro-transponder-with-lancet-for-direct-implantation,ID-100C-25,https://www.kentscientific.com/products/micro-transponder-with-lancet-for-direct-implantation/,rfid-transponder-system,variant,true,PRODUCT,UNVERIFIED,6,0,6,0,2,1,,,,,,,,
93,prod_kent__microvette-100-capillary-blood-collection-with-round-bottom-inner-tube-edta,Microvette® 100 Blood Collection Tubes,microvette-100-capillary-blood-collection-with-round-bottom-inner-tube-edta,MCVT100-EDTA,https://www.kentscientific.com/products/microvette-100-capillary-blood-collection-with-round-bottom-inner-tube-edta/,blood-collection,variant,true,PRODUCT,UNVERIFIED,4,0,4,0,3,1,,,,,,,,
94,prod_kent__microvette-200-capillary-blood-collection-with-round-bottom-inner-tube-edta,Microvette® 200 Blood Collection Tubes,microvette-200-capillary-blood-collection-with-round-bottom-inner-tube-edta,MCVT200-EDTA,https://www.kentscientific.com/products/microvette-200-capillary-blood-collection-with-round-bottom-inner-tube-edta/,blood-collection,variant,true,PRODUCT,UNVERIFIED,3,0,3,0,3,1,,,,,,,,
95,prod_kent__microvette-cb-300-blood-collection-system,Microvette® CB 300 Blood Collection Tubes,microvette-cb-300-blood-collection-system,KMIC-EDTA,https://www.kentscientific.com/products/microvette-cb-300-blood-collection-system/,blood-collection,variant,true,PRODUCT,UNVERIFIED,4,0,4,0,3,1,,,,,,,,
96,prod_kent__microvette-prepared-micro-tubes-with-screw-cap-closure-edta,Microvette® Prepared Micro Tubes,microvette-prepared-micro-tubes-with-screw-cap-closure-edta,MTSC-EDTA,https://www.kentscientific.com/products/microvette-prepared-micro-tubes-with-screw-cap-closure-edta/,blood-collection,variant,true,PRODUCT,UNVERIFIED,4,0,4,0,3,1,,,,,,,,
97,prod_kent__mid-range-reader-usb,Mid Range Reader USB,mid-range-reader-usb,LID-575,https://www.kentscientific.com/products/mid-range-reader-usb/,rfid-transponder-system,simple,true,PRODUCT,UNVERIFIED,4,0,4,0,0,0,,,,,,,,
98,prod_kent__miniarco-clipper,MiniARCO® Clipper Kit,miniarco-clipper,CL8787-KIT,https://www.kentscientific.com/products/miniarco-clipper/,clippers,simple,true,PRODUCT,UNVERIFIED,4,0,4,0,0,0,,,,,,,,
99,prod_kent__mobile-cart-for-laboratory-equipment-large,"Mobile Cart for Laboratory Equipment, Large",mobile-cart-for-laboratory-equipment-large,MC-02,https://www.kentscientific.com/products/mobile-cart-for-laboratory-equipment-large/,carts,simple,true,PRODUCT,UNVERIFIED,7,0,7,0,0,0,,,,,,,,
100,prod_kent__mobile-cart-for-laboratory-equipment-small,"Mobile Cart for Laboratory Equipment, Small",mobile-cart-for-laboratory-equipment-small,MC-01,https://www.kentscientific.com/products/mobile-cart-for-laboratory-equipment-small/,carts,simple,true,PRODUCT,UNVERIFIED,7,0,7,0,0,0,,,,,,,,
101,prod_kent__mouse-handling-tunnels,Mouse Handling Tunnels,mouse-handling-tunnels,MSETUBE-AMB,https://www.kentscientific.com/products/mouse-handling-tunnels/,animal-holders,variant,true,PRODUCT,UNVERIFIED,4,0,4,0,3,1,,,,,,,,
102,prod_kent__mouse-paw-pulse-oximeter-sensors,Mouse Paw Pulse Oximeter Sensors,mouse-paw-pulse-oximeter-sensors,MSTAT-SENSOR-MSE,https://www.kentscientific.com/products/mouse-paw-pulse-oximeter-sensors/,physiological-monitoring-accessories,variant,true,PRODUCT,UNVERIFIED,4,0,4,0,2,1,,,,,,,,
103,prod_kent__mouse-retractor-set,Mouse Retractor Set,mouse-retractor-set,SURGI-5001,https://www.kentscientific.com/products/mouse-retractor-set/,surgery > surgical-accessories > surgical-accessories-for-surgisuite,simple,true,PRODUCT,UNVERIFIED,6,0,6,0,0,0,,,,,,,,
104,prod_kent__mouse-surgical-kit,Mouse Surgical Kit,mouse-surgical-kit,INSMOUSEKIT,https://www.kentscientific.com/products/mouse-surgical-kit/,surgery > surgical-instruments > surgical-instrument-kits,simple,true,PRODUCT,UNVERIFIED,4,0,4,0,0,0,,,,,,,,
105,prod_kent__mousestat-jr,MouseSTAT® Jr.,mousestat-jr,MSTAT-JR,https://www.kentscientific.com/products/mousestat-jr/,physiological-monitoring > physiological-monitoring-accessories > pulse-oximetry,simple,true,PRODUCT,UNVERIFIED,12,0,12,0,0,0,,,,,,,,
106,prod_kent__mousestat-pulse-oximeter-whole-body-sensors-for-mouse-pups,MouseSTAT® Pulse Oximeter Whole Body Sensor for Mouse Pups,mousestat-pulse-oximeter-whole-body-sensors-for-mouse-pups,SPO2-9MM,https://www.kentscientific.com/products/mousestat-pulse-oximeter-whole-body-sensors-for-mouse-pups/,physiological-monitoring-accessories,simple,true,PRODUCT,UNVERIFIED,4,0,4,0,0,0,,,,,,,,
107,prod_kent__mousestat-pulse-oximeter-whole-body-sensors-for-rat-pups,MouseSTAT® Pulse Oximeter Whole Body Sensors for Rat Pups,mousestat-pulse-oximeter-whole-body-sensors-for-rat-pups,SPO2-5MM,https://www.kentscientific.com/products/mousestat-pulse-oximeter-whole-body-sensors-for-rat-pups/,physiological-monitoring-accessories,simple,true,PRODUCT,UNVERIFIED,3,0,3,0,0,0,,,,,,,,
108,prod_kent__nebulizer-adapter-kit,Nebulizer Adapter Kit,nebulizer-adapter-kit,NEB-1301,https://www.kentscientific.com/products/nebulizer-adapter-kit/,nebulizers,simple,true,PRODUCT,UNVERIFIED,4,0,4,0,0,0,,,,,,,,
109,prod_kent__nebulizer-animal-holders,Nebulizer Animal Holders,nebulizer-animal-holders,HLD-NEB-ML,https://www.kentscientific.com/products/nebulizer-animal-holders/,animal-holders,variant,true,PRODUCT,UNVERIFIED,19,0,19,0,7,1,,,,,,,,
110,prod_kent__non-contact-infrared-thermometer-with-laser-sight,Non-Contact Infrared Thermometer with Laser Sight,non-contact-infrared-thermometer-with-laser-sight,CODA-IRT,https://www.kentscientific.com/products/non-contact-infrared-thermometer-with-laser-sight/,physiological-monitoring > physiological-monitoring-accessories > temperature,simple,true,PRODUCT,UNVERIFIED,4,0,4,0,0,0,,,,,,,,
111,prod_kent__oxygen-concentrator,Oxygen Concentrator,oxygen-concentrator,VETFLO-001,https://www.kentscientific.com/products/oxygen-concentrator/,anesthesia > anesthesia-accessories,variant,true,PRODUCT,UNVERIFIED,8,0,8,0,2,1,,,,,,,,
112,product-kent-c87004188399d5c7,Oxygen Concentrator Filters,oxygen-concentrator-filters,N/A,https://www.kentscientific.com/products/oxygen-concentrator-filters/,anesthesia > anesthesia-accessories,variant,true,PRODUCT,UNVERIFIED,6,0,6,0,2,1,,,,,,,,
113,prod_kent__physiosuite,PhysioSuite®,physiosuite,PS-02,https://www.kentscientific.com/products/physiosuite/,physiological-monitoring,simple,true,PRODUCT,UNVERIFIED,7,0,7,0,0,0,,,,,,,,
114,prod_kent__pistol-grip-implanter,Pistol Grip Implanter,pistol-grip-implanter,IM-300C,https://www.kentscientific.com/products/pistol-grip-implanter/,rfid-transponder-system,simple,true,PRODUCT,UNVERIFIED,6,0,6,0,0,0,,,,,,,,
115,prod_kent__pocket-reader-with-usb-connection,Pocket Reader with USB Connection,pocket-reader-with-usb-connection,LID-573,https://www.kentscientific.com/products/pocket-reader-with-usb-connection/,rfid-transponder-system,simple,true,PRODUCT,UNVERIFIED,4,0,4,0,0,0,,,,,,,,
116,prod_kent__preset-pressure-reducer-for-somnosuite,Preset Pressure Reducer,preset-pressure-reducer-for-somnosuite,SOMNO-7305,https://www.kentscientific.com/products/preset-pressure-reducer-for-somnosuite/,anesthesia > anesthesia-accessories,simple,true,PRODUCT,UNVERIFIED,5,0,5,0,0,0,,,,,,,,
117,prod_kent__procedure-bowl,Procedure Bowl,procedure-bowl,SURGI-5020-3,https://www.kentscientific.com/products/procedure-bowl/,surgery > surgical-accessories > surgical-accessories-for-surgisuite,simple,true,PRODUCT,UNVERIFIED,6,0,6,0,0,0,,,,,,,,
118,prod_kent__pulse-oximeter-paw-sensors-mri-compatible,Pulse Oximeter Paw Sensors MRI Compatible,pulse-oximeter-paw-sensors-mri-compatible,SPO2-5MM-MRI,https://www.kentscientific.com/products/pulse-oximeter-paw-sensors-mri-compatible/,physiological-monitoring-accessories,variant,true,PRODUCT,UNVERIFIED,6,0,6,0,3,1,,,,,,,,
119,prod_kent__pulse-oximeter-sensor-extension-cable,Pulse Oximeter Sensor Extension Cable,pulse-oximeter-sensor-extension-cable,CBL-03-EXT-12,https://www.kentscientific.com/products/pulse-oximeter-sensor-extension-cable/,physiological-monitoring-accessories,variant,true,PRODUCT,UNVERIFIED,4,0,4,0,2,1,,,,,,,,
120,prod_kent__rat-retractor-set,Rat Retractor Set,rat-retractor-set,SURGI-5002,https://www.kentscientific.com/products/rat-retractor-set/,surgery > surgical-accessories > surgical-accessories-for-surgisuite,simple,true,PRODUCT,UNVERIFIED,6,0,6,0,0,0,,,,,,,,
121,product-kent-4a9ccb7b2be42b71,Rat Surgical Kit,rat-surgical-kit,INSRATKIT,https://www.kentscientific.com/products/rat-surgical-kit/,surgery > surgical-instruments > surgical-instrument-kits,simple,true,PRODUCT,UNVERIFIED,4,0,4,0,0,0,,,,,,,,
122,prod_kent__rectal-probe-for-mice,Rectal Probe for Mice,rectal-probe-for-mice,RET-3,https://www.kentscientific.com/products/rectal-probe-for-mice/,physiological-monitoring > physiological-monitoring-accessories > temperature,simple,true,PRODUCT,UNVERIFIED,4,0,4,0,0,0,,,,,,,,
123,prod_kent__rectal-probe-for-rats,Rectal Probe for Rats,rectal-probe-for-rats,RET-2,https://www.kentscientific.com/products/rectal-probe-for-rats/,physiological-monitoring > physiological-monitoring-accessories > temperature,simple,true,PRODUCT,UNVERIFIED,4,0,4,0,0,0,,,,,,,,
124,prod_kent__reflex-clip-applier,Reflex Clip Applier,reflex-clip-applier,INS750343,https://www.kentscientific.com/products/reflex-clip-applier/,surgery > surgical-instruments > wound-closure > reflex-clips,variant,true,PRODUCT,UNVERIFIED,4,0,4,0,2,1,,,,,,,,
125,prod_kent__reflex-clips-7-mm,Reflex Clips 7 mm,reflex-clips-7-mm,INS750344,https://www.kentscientific.com/products/reflex-clips-7-mm/,surgery > surgical-instruments > wound-closure > reflex-clips,variant,true,PRODUCT,UNVERIFIED,4,0,4,0,2,1,,,,,,,,
126,product-kent-a035962c3da4b57f,Reflex Clips 9 mm,reflex-clips-9-mm,INS750346,https://www.kentscientific.com/products/reflex-clips-9-mm/,surgery > surgical-instruments > wound-closure > reflex-clips,variant,true,PRODUCT,UNVERIFIED,4,0,4,0,2,1,,,,,,,,
127,product-kent-83dcb9a3196bdfa1,Removing Forceps,removing-forceps,INS750347,https://www.kentscientific.com/products/removing-forceps/,surgery > surgical-instruments > wound-closure > autoclips,simple,true,PRODUCT,UNVERIFIED,4,0,4,0,0,0,,,,,,,,
128,prod_kent__replacement-bladder-kits,Replacement Bladder Kits,replacement-bladder-kits,OCC-L-BLAD,https://www.kentscientific.com/products/replacement-bladder-kits/,noninvasive-blood-pressure > noninvasive-blood-pressure-accessories > accessories-for-coda-monitor > coda-cuffs,variant,true,PRODUCT,UNVERIFIED,4,0,4,0,9,2,,,,,,,,
129,product-kent-8043a392aafcec36,Replacement Diaphragms for SomnoSuite Anesthesia Masks,replacement-diaphragms-for-somnosuite-anesthesia-masks,SOMNO-0309,https://www.kentscientific.com/products/replacement-diaphragms-for-somnosuite-anesthesia-masks/,anesthesia > anesthesia-accessories,simple,true,PRODUCT,UNVERIFIED,4,0,4,0,0,0,,,,,,,,
130,prod_kent__replacement-glass-beads,Replacement Glass Beads,replacement-glass-beads,INS700861-3,https://www.kentscientific.com/products/replacement-glass-beads/,instrument-cleaning,simple,true,PRODUCT,UNVERIFIED,4,0,4,0,0,0,,,,,,,,
131,prod_kent__replacement-surgical-field-covers,Replacement Surgical Field Covers,replacement-surgical-field-covers,SURGI-5021-2,https://www.kentscientific.com/products/replacement-surgical-field-covers/,surgery > surgical-accessories > surgical-accessories-for-surgisuite,variant,true,PRODUCT,UNVERIFIED,6,0,6,0,2,1,,,,,,,,
132,prod_kent__retractor-tips,Retractor Tips,retractor-tips,SURGI-5014-2,https://www.kentscientific.com/products/retractor-tips/,surgery > surgical-accessories > surgical-accessories-for-surgisuite,variant,true,PRODUCT,UNVERIFIED,4,0,4,0,5,1,,,,,,,,
133,prod_kent__retractor-wires,Retractor Wires,retractor-wires,SURGI-5012-2,https://www.kentscientific.com/products/retractor-wires/,surgery > surgical-accessories > surgical-accessories-for-surgisuite,variant,true,PRODUCT,UNVERIFIED,4,0,4,0,2,1,,,,,,,,
134,prod_kent__righttemp,RightTemp®,righttemp,555,https://www.kentscientific.com/products/righttemp/,physiological-monitoring > physiological-monitoring-accessories > temperature,simple,true,PRODUCT,UNVERIFIED,12,0,12,0,0,0,,,,,,,,
135,prod_kent__righttemp-jr,RightTemp® Jr.,righttemp-jr,RT-JR,https://www.kentscientific.com/products/righttemp-jr/,physiological-monitoring > physiological-monitoring-accessories > temperature,variant,true,PRODUCT,UNVERIFIED,4,0,4,0,2,1,,,,,,,,
136,prod_kent__righttemp-sensor-for-animal-or-warming-pad,RightTemp® Sensor for Animal or Warming Pad,righttemp-sensor-for-animal-or-warming-pad,RT-0001-9,https://www.kentscientific.com/products/righttemp-sensor-for-animal-or-warming-pad/,physiological-monitoring > physiological-monitoring-accessories > temperature,variant,true,PRODUCT,UNVERIFIED,4,0,4,0,2,1,,,,,,,,
137,prod_kent__rovent,RoVent®,rovent,RV-04,https://www.kentscientific.com/products/rovent/,ventilation,simple,true,PRODUCT,UNVERIFIED,8,0,8,0,0,0,,,,,,,,
138,prod_kent__rovent-jr,RoVent® Jr.,rovent-jr,RV-JR,https://www.kentscientific.com/products/rovent-jr/,ventilation,simple,true,PRODUCT,UNVERIFIED,3,0,3,0,0,0,,,,,,,,
139,prod_kent__skinscanner-1,SkinScanner,skinscanner-1,SKINSCANNER,https://www.kentscientific.com/products/skinscanner-1/,body-composition-analysis,simple,true,PRODUCT,UNVERIFIED,7,0,7,0,0,0,,,,,,,,
140,product-kent-3f7e4f9b87b72acf,Sliding Top Chambers,sliding-top-chambers-for-somnosuite,N/A,https://www.kentscientific.com/products/sliding-top-chambers-for-somnosuite/,anesthesia > anesthesia-accessories,variant,true,PRODUCT,UNVERIFIED,4,0,4,0,4,1,,,,,,,,
141,prod_kent__sliding-top-chambers-for-traditional-vaporizers,Sliding Top Chambers for Traditional Vaporizers,sliding-top-chambers-for-traditional-vaporizers,N/A,https://www.kentscientific.com/products/sliding-top-chambers-for-traditional-vaporizers/,anesthesia > anesthesia-accessories,variant,true,PRODUCT,UNVERIFIED,4,0,4,0,3,1,,,,,,,,
142,product-kent-8d3043991db56b38,Small Bulldog Clamp,small-bulldog-clamp,INS600118-2,https://www.kentscientific.com/products/small-bulldog-clamp/,surgery > surgical-instruments > wound-closure > bull-dog-clamps,simple,true,PRODUCT,UNVERIFIED,4,0,4,0,0,0,,,,,,,,
143,prod_kent__somnoflo,SomnoFlo®,somnoflo,SF-01,https://www.kentscientific.com/products/somnoflo/,anesthesia,simple,true,PRODUCT,UNVERIFIED,6,0,6,0,0,0,,,,,,,,
144,prod_kent__somnoflo-o2care,SomnoFlo® O2Care,somnoflo-o2care,SF-06,https://www.kentscientific.com/products/somnoflo-o2care/,anesthesia,simple,true,PRODUCT,UNVERIFIED,7,0,7,0,0,0,,,,,,,,
145,prod_kent__somnosuite,SomnoSuite®,somnosuite,SS-01,https://www.kentscientific.com/products/somnosuite/,anesthesia,simple,true,PRODUCT,UNVERIFIED,10,0,10,0,0,0,,,,,,,,
146,product-kent-f5dff9a71ee46a7e,SomnoSuite® Delivery Tube,somnosuite-delivery-tube,10-4000-66,https://www.kentscientific.com/products/somnosuite-delivery-tube/,anesthesia > anesthesia-accessories,simple,true,PRODUCT,UNVERIFIED,4,0,4,0,0,0,,,,,,,,
147,product-kent-1514112999fa77ca,Spring Scissors Straight 12 cm Long Extra Fine,spring-scissors-straight-12-cm-long-extra-fine,INS600125,https://www.kentscientific.com/products/spring-scissors-straight-12-cm-long-extra-fine/,surgery > surgical-instruments > laboratory-scissors > micro-scissors,simple,true,PRODUCT,UNVERIFIED,4,0,4,0,0,0,,,,,,,,
148,prod_kent__stainless-steel-brain-matrices,Stainless Steel Brain Matrices,stainless-steel-brain-matrices,RBMS-200C,https://www.kentscientific.com/products/stainless-steel-brain-matrices/,tissue-collection > brain-matricies,variant,true,PRODUCT,UNVERIFIED,6,0,6,0,8,1,,,,,,,,
149,prod_kent__stamped-ear-tags,Stamped Ear Tags,stamped-ear-tags,TAGS1-500,https://www.kentscientific.com/products/stamped-ear-tags/,ear-tags,variant,true,PRODUCT,UNVERIFIED,7,0,7,0,20,1,,,,,,,,
150,prod_kent__standalone-flowmeter-with-stand-0-05lpm,Standalone Flowmeter with Stand,standalone-flowmeter-with-stand-0-05lpm,NEB-1400,https://www.kentscientific.com/products/standalone-flowmeter-with-stand-0-05lpm/,nebulizers,simple,true,PRODUCT,UNVERIFIED,4,0,4,0,0,0,,,,,,,,
151,product-kent-34b6f14975837ddc,Stereotaxic Adapter Kit,stereotaxic-adapter-kit,10-4500-18,https://www.kentscientific.com/products/stereotaxic-adapter-kit/,anesthesia > anesthesia-accessories,simple,true,PRODUCT,UNVERIFIED,4,0,4,0,0,0,,,,,,,,
152,product-kent-7b85c5d5d76bfb06,Sterile Disposable Towel Drapes,sterile-disposable-towel-drapes,SURGI-5023-3,https://www.kentscientific.com/products/sterile-disposable-towel-drapes/,surgery > surgical-accessories,variant,true,PRODUCT,UNVERIFIED,4,0,4,0,2,1,,,,,,,,
153,product-kent-612c5f1391b2bfff,Straight #5 Tweezer Kit,straight-5-tweezer-kit,INS600-KIT,https://www.kentscientific.com/products/straight-5-tweezer-kit/,surgery > surgical-instruments > surgical-tweezers,simple,true,PRODUCT,UNVERIFIED,4,0,4,0,0,0,,,,,,,,
154,prod_kent__straight-feeding-needles,Straight Feeding Needles,straight-feeding-needles,FNS-18-2-2,https://www.kentscientific.com/products/straight-feeding-needles/,feeding-needles,variant,true,PRODUCT,UNVERIFIED,3,0,3,0,3,1,,,,,,,,
155,product-kent-032f388acf03c184,Straight Serrated Needle Holder 14 cm Long,straight-serrated-needle-holder-14-cm-long,INS600110-2,https://www.kentscientific.com/products/straight-serrated-needle-holder-14-cm-long/,surgery > surgical-instruments > needle-holders,variant,true,PRODUCT,UNVERIFIED,4,0,4,0,1,1,,,,,,,,
156,product-kent-d52549e608e2ec67,"Super Fine Dressing Forceps, 12.5 cm Long",super-fine-dressing-forceps-125-cm-long,INS650908-4,https://www.kentscientific.com/products/super-fine-dressing-forceps-125-cm-long/,surgery > surgical-instruments > forceps > dressing-forceps,simple,true,PRODUCT,UNVERIFIED,4,0,4,0,0,0,,,,,,,,
157,product-kent-c4da3cf326425bbc,Supercut Iris Scissors Straight 12.5 cm Long,supercut-iris-scissors-straight-125-cm-long,INS600225-2,https://www.kentscientific.com/products/supercut-iris-scissors-straight-125-cm-long/,surgery > surgical-instruments > laboratory-scissors,simple,true,PRODUCT,UNVERIFIED,4,0,4,0,0,0,,,,,,,,
158,product-kent-5b0190ec7b5e426d,Surgical Magnifier Glasses,surgical-magnifier-glasses,SL-001,https://www.kentscientific.com/products/surgical-magnifier-glasses/,surgery > surgical-accessories,simple,true,PRODUCT,UNVERIFIED,4,0,4,0,0,0,,,,,,,,
159,prod_kent__tube-rodent-holders,Tube Rodent Holders,tube-rodent-holders,RSTR551,https://www.kentscientific.com/products/tube-rodent-holders/,animal-holders,variant,true,PRODUCT,UNVERIFIED,3,0,3,0,6,1,,,,,,,,
160,product-kent-e8506890cca85f10,Tweezer #5 0.06 mm Tips,tweezer-5-006-mm-tips,INS600098-2,https://www.kentscientific.com/products/tweezer-5-006-mm-tips/,surgery > surgical-instruments > surgical-tweezers,simple,true,PRODUCT,UNVERIFIED,4,0,4,0,0,0,,,,,,,,
161,product-kent-24e2047bd7d3b41b,Tweezer 5 0.01 mm Tips,tweezer-5-001-mm-tips,INS600095-2,https://www.kentscientific.com/products/tweezer-5-001-mm-tips/,surgery > surgical-instruments > surgical-tweezers,simple,true,PRODUCT,UNVERIFIED,4,0,4,0,0,0,,,,,,,,
162,product-kent-c24b41893f465375,Tweezer 5 0.025 mm Tips,tweezer-5-0025-mm-tips,INS750085-A,https://www.kentscientific.com/products/tweezer-5-0025-mm-tips/,surgery > surgical-instruments > surgical-tweezers,simple,true,PRODUCT,UNVERIFIED,4,0,4,0,0,0,,,,,,,,
163,product-kent-44bab558988f718a,Tweezer 5 0.06 mm Tips Curved,tweezer-5-006-mm-tips-curved,INS750232-2,https://www.kentscientific.com/products/tweezer-5-006-mm-tips-curved/,surgery > surgical-instruments > surgical-tweezers,simple,true,PRODUCT,UNVERIFIED,4,0,4,0,0,0,,,,,,,,
164,product-kent-868c1fb3df44560c,Tweezer 5B 0.01 mm Tips 45 Angle,tweezer-5b-001-mm-tips-45-angle,INS750234,https://www.kentscientific.com/products/tweezer-5b-001-mm-tips-45-angle/,surgery > surgical-instruments > surgical-tweezers,simple,true,PRODUCT,UNVERIFIED,4,0,4,0,0,0,,,,,,,,
165,prod_kent__type-jkt-thermocouple-meter,Type JKT Thermocouple Meter,type-jkt-thermocouple-meter,WD-20250-91,https://www.kentscientific.com/products/type-jkt-thermocouple-meter/,physiological-monitoring > physiological-monitoring-accessories > temperature,simple,true,PRODUCT,UNVERIFIED,4,0,4,0,0,0,,,,,,,,
166,prod_kent__vaporizer-for-isoflurane-funnel-filled,Vaporizer for Isoflurane Funnel Filled,vaporizer-for-isoflurane-funnel-filled,VETFLO-1231,https://www.kentscientific.com/products/vaporizer-for-isoflurane-funnel-filled/,anesthesia > anesthesia-accessories,variant,true,PRODUCT,UNVERIFIED,4,0,4,0,2,1,,,,,,,,
167,prod_kent__vaporizer-for-isoflurane-key-filled,Vaporizer for Isoflurane Key Filled,vaporizer-for-isoflurane-key-filled,VETFLO-1231K,https://www.kentscientific.com/products/vaporizer-for-isoflurane-key-filled/,anesthesia > anesthesia-accessories,simple,true,PRODUCT,UNVERIFIED,4,0,4,0,0,0,,,,,,,,
168,prod_kent__vaporizer-for-sevoflurane-key-filled,Vaporizer for Sevoflurane Key Filled,vaporizer-for-sevoflurane-key-filled,VETFLO-1235K,https://www.kentscientific.com/products/vaporizer-for-sevoflurane-key-filled/,anesthesia > anesthesia-accessories,simple,true,PRODUCT,UNVERIFIED,4,0,4,0,0,0,,,,,,,,
169,product-kent-3e68ba8371cae1f7,Vessel Cannulation Kit,mouse-and-rat-vessel-cannulation-kit,INSVCKIT,https://www.kentscientific.com/products/mouse-and-rat-vessel-cannulation-kit/,surgery > surgical-instruments > surgical-instrument-kits,simple,true,PRODUCT,UNVERIFIED,4,0,4,0,0,0,,,,,,,,
170,product-kent-2ef205180378cfd5,VetFlo™ Four Channel Anesthesia Stand,vetflo-four-channel-anesthesia-stand,VETFLO-1220,https://www.kentscientific.com/products/vetflo-four-channel-anesthesia-stand/,anesthesia > anesthesia-accessories,simple,true,PRODUCT,UNVERIFIED,8,0,8,0,0,0,,,,,,,,
171,product-kent-d9b8c268210188d9,VetFlo™ Single Channel Anesthesia Stand,vetflo-single-channel-anesthesia-stand,VETFLO-1205,https://www.kentscientific.com/products/vetflo-single-channel-anesthesia-stand/,anesthesia > anesthesia-accessories,variant,true,PRODUCT,UNVERIFIED,8,0,8,0,2,1,,,,,,,,
172,product-kent-e86d3e23a0cc333c,VetFlo™ Six Channel Anesthesia Stand,vetflo-six-channel-anesthesia-stand,VETFLO-1225,https://www.kentscientific.com/products/vetflo-six-channel-anesthesia-stand/,anesthesia > anesthesia-accessories,simple,true,PRODUCT,UNVERIFIED,8,0,8,0,0,0,,,,,,,,
173,product-kent-2206a8349f52f86b,VetFlo™ Two Channel Anesthesia Stand,vetflo-two-channel-anesthesia-stand,VETFLO-1215,https://www.kentscientific.com/products/vetflo-two-channel-anesthesia-stand/,anesthesia > anesthesia-accessories,simple,true,PRODUCT,UNVERIFIED,8,0,8,0,0,0,,,,,,,,
174,prod_kent__vaporizer-with-vetflo-single-channel-anesthesia-stand,VetFlo™ Vaporizer,vaporizer-with-vetflo-single-channel-anesthesia-stand,N/A,https://www.kentscientific.com/products/vaporizer-with-vetflo-single-channel-anesthesia-stand/,anesthesia,variant,true,PRODUCT,UNVERIFIED,13,0,13,0,8,1,,,,,,,,
175,product-kent-b08b5f0554c791af,Wahl® BravMini+ Professional Cordless Clipper Kit,bravmini-professional-cordless-trimmer-kit,CL7300-KIT,https://www.kentscientific.com/products/bravmini-professional-cordless-trimmer-kit/,clippers,simple,true,PRODUCT,UNVERIFIED,4,0,4,0,0,0,,,,,,,,
176,product-kent-94700791e7bdc998,Warranty – CODA® High Throughput System – Extended,warranty-coda-high-throughput-system-extended,CODA-HT-XWTY,https://www.kentscientific.com/products/warranty-coda-high-throughput-system-extended/,warranty,simple,true,EXCLUDE_WARRANTY,EXCLUDE,4,0,4,0,0,0,,,,,,,,
177,prod_kent__warranty-coda-high-throughput-system-premium,Warranty – CODA® High Throughput System – Premium,warranty-coda-high-throughput-system-premium,CODA-HT-PWTY,https://www.kentscientific.com/products/warranty-coda-high-throughput-system-premium/,warranty,simple,true,EXCLUDE_WARRANTY,EXCLUDE,4,0,4,0,0,0,,,,,,,,
178,product-kent-746c5663892fbbd8,Warranty – CODA® Monitor – Extended,warranty-coda-monitor-extended,CODA-MNTR-XWTY,https://www.kentscientific.com/products/warranty-coda-monitor-extended/,warranty,simple,true,EXCLUDE_WARRANTY,EXCLUDE,4,0,4,0,0,0,,,,,,,,
179,prod_kent__warranty-coda-monitor-premium,Warranty – CODA® Monitor – Premium,warranty-coda-monitor-premium,CODA-MNTR-PWTY,https://www.kentscientific.com/products/warranty-coda-monitor-premium/,warranty,simple,true,EXCLUDE_WARRANTY,EXCLUDE,4,0,4,0,0,0,,,,,,,,
180,product-kent-6915b91883a5cb3c,Warranty – PhysioSuite® with 1 module – Extended,warranty-physiosuite-with-1-module-extended,PS-XWTY-1,https://www.kentscientific.com/products/warranty-physiosuite-with-1-module-extended/,warranty,simple,true,EXCLUDE_WARRANTY,EXCLUDE,4,0,4,0,0,0,,,,,,,,
181,product-kent-84b2c0b8767cc0ce,Warranty – PhysioSuite® with 1 module – Premium,warranty-physiosuite-with-1-module-premium,PS-PWTY-1,https://www.kentscientific.com/products/warranty-physiosuite-with-1-module-premium/,warranty,simple,true,EXCLUDE_WARRANTY,EXCLUDE,4,0,4,0,0,0,,,,,,,,
182,product-kent-ed54c7b39d0e3f81,Warranty – PhysioSuite® – Extended,warranty-physiosuite-extended,PS-XWTY,https://www.kentscientific.com/products/warranty-physiosuite-extended/,warranty,simple,true,EXCLUDE_WARRANTY,EXCLUDE,4,0,4,0,0,0,,,,,,,,
183,prod_kent__warranty-rovent-extended,Warranty – RoVent® – Extended,warranty-rovent-extended,RV-XWTY,https://www.kentscientific.com/products/warranty-rovent-extended/,warranty,simple,true,EXCLUDE_WARRANTY,EXCLUDE,4,0,4,0,0,0,,,,,,,,
184,prod_kent__warranty-rovent-premium,Warranty – RoVent® – Premium,warranty-rovent-premium,RV-PWTY,https://www.kentscientific.com/products/warranty-rovent-premium/,warranty,simple,true,EXCLUDE_WARRANTY,EXCLUDE,3,0,3,0,0,0,,,,,,,,
185,prod_kent__warranty-skinscanner-extended,Warranty – SkinScanner – Extended,warranty-skinscanner-extended,SKINSCANNER-XWTY,https://www.kentscientific.com/products/warranty-skinscanner-extended/,warranty,simple,true,EXCLUDE_WARRANTY,EXCLUDE,4,0,4,0,0,0,,,,,,,,
186,prod_kent__warranty-somnoflo-extended,Warranty – SomnoFlo® – Extended,warranty-somnoflo-extended,SF-XWTY,https://www.kentscientific.com/products/warranty-somnoflo-extended/,warranty,simple,true,EXCLUDE_WARRANTY,EXCLUDE,4,0,4,0,0,0,,,,,,,,
187,prod_kent__warranty-somnoflo-premium,Warranty – SomnoFlo® – Premium,warranty-somnoflo-premium,SF-PWTY,https://www.kentscientific.com/products/warranty-somnoflo-premium/,warranty,simple,true,EXCLUDE_WARRANTY,EXCLUDE,4,0,4,0,0,0,,,,,,,,
188,product-kent-6d2441fcc35b84f5,Warranty – SomnoSuite® with 1 module – Extended,warranty-somnosuite-with-1-module-extended,SS-XWTY-1,https://www.kentscientific.com/products/warranty-somnosuite-with-1-module-extended/,warranty,simple,true,EXCLUDE_WARRANTY,EXCLUDE,4,0,4,0,0,0,,,,,,,,
189,product-kent-f5ae8582c21276d4,Warranty – SomnoSuite® with 1 module – Premium,warranty-somnosuite-with-1-module-premium,SS-PWTY-1,https://www.kentscientific.com/products/warranty-somnosuite-with-1-module-premium/,warranty,simple,true,EXCLUDE_WARRANTY,EXCLUDE,4,0,4,0,0,0,,,,,,,,
190,prod_kent__warranty-somnosuite-with-2-modules-extended,Warranty – SomnoSuite® with 2 modules – Extended,warranty-somnosuite-with-2-modules-extended,SS-XWTY-2,https://www.kentscientific.com/products/warranty-somnosuite-with-2-modules-extended/,warranty,simple,true,EXCLUDE_WARRANTY,EXCLUDE,4,0,4,0,0,0,,,,,,,,
191,product-kent-d6390f88299af217,Warranty – SomnoSuite® with 2 modules – Premium,warranty-somnosuite-with-2-modules-premium,SS-PWTY-2,https://www.kentscientific.com/products/warranty-somnosuite-with-2-modules-premium/,warranty,simple,true,EXCLUDE_WARRANTY,EXCLUDE,3,0,3,0,0,0,,,,,,,,
192,prod_kent__warranty-somnosuite-extended,Warranty – SomnoSuite® – Extended,warranty-somnosuite-extended,SS-XWTY,https://www.kentscientific.com/products/warranty-somnosuite-extended/,warranty,simple,true,EXCLUDE_WARRANTY,EXCLUDE,4,0,4,0,0,0,,,,,,,,
193,prod_kent__warranty-somnosuite-premium,Warranty – SomnoSuite® – Premium,warranty-somnosuite-premium,SS-PWTY,https://www.kentscientific.com/products/warranty-somnosuite-premium/,warranty,simple,true,EXCLUDE_WARRANTY,EXCLUDE,4,0,4,0,0,0,,,,,,,,
194,prod_kent__disposable-warming-pads,Water Recirculating Warming Pads,disposable-warming-pads,TPZ-814EA,https://www.kentscientific.com/products/disposable-warming-pads/,warming,simple,true,PRODUCT,UNVERIFIED,6,0,6,0,0,0,,,,,,,,
