index,status,reviewLevel,title,slug,sku,reasons,officialSourceUrl
1,NEEDS_FIX,DIRECT_OFFICIAL_DETAIL_REVIEW,2-Accessory Connector,somnosuite-y-adapter,10-4500-09,price_or_commerce_contamination | no_structured_sections | low_resolution_assets:4 | legacy_image_url_arrays_present | content_starts_with_other_products:somnoflo|somnosuite,https://www.kentscientific.com/products/somnosuite-y-adapter/
2,NEEDS_FIX,DIRECT_OFFICIAL_DETAIL_REVIEW,3 Accessory Connector,3-accessory-connector,10-1000-185,price_or_commerce_contamination | no_structured_sections | low_resolution_assets:3 | legacy_image_url_arrays_present,https://www.kentscientific.com/products/3-accessory-connector/
3,NEEDS_FIX,DIRECT_OFFICIAL_DETAIL_REVIEW,AC Adapters and Power Cords,ac-adapters-and-power-cords,10-1000-32,summary_is_other_product:activated-charcoal-absorption-filters-1 | price_or_commerce_contamination | no_structured_sections | low_resolution_assets:3 | legacy_image_url_arrays_present | content_starts_with_other_products:activated-charcoal-absorption-filters-1|coda-monitor|mousestat-jr|physiosuite|righttemp,https://www.kentscientific.com/products/ac-adapters-and-power-cords/
4,NEEDS_FIX,DIRECT_OFFICIAL_DETAIL_REVIEW,Accuris™ Mini Balances,accuris-mini-balances,SCL-W1005-100,summary_is_other_product:animal-weighing-scale | price_or_commerce_contamination | supplier_support_contamination | no_structured_sections | low_resolution_assets:2 | legacy_image_url_arrays_present | content_starts_with_other_products:animal-weighing-scale,https://www.kentscientific.com/products/accuris-mini-balances/
5,NEEDS_FIX,DIRECT_OFFICIAL_DETAIL_REVIEW,Acrylic Brain Matrices,acrylic-brain-matrices,RBMA-200C,summary_is_other_product:microvette-100-capillary-blood-collection-with-round-bottom-inner-tube-edta | price_or_commerce_contamination | supplier_support_contamination | no_structured_sections | low_resolution_assets:5 | legacy_image_url_arrays_present | content_starts_with_other_products:microvette-100-capillary-blood-collection-with-round-bottom-inner-tube-edta,https://www.kentscientific.com/products/acrylic-brain-matrices/
6,NEEDS_FIX,DIRECT_OFFICIAL_DETAIL_REVIEW,Activated Charcoal Absorption Filters,activated-charcoal-absorption-filters-1,10-2001-8,price_or_commerce_contamination | no_structured_sections | duplicate_variant_sku:10-2001-8 | low_resolution_assets:4 | legacy_image_url_arrays_present | content_starts_with_other_products:somnosuite,https://www.kentscientific.com/products/activated-charcoal-absorption-filters-1/
7,NEEDS_FIX,DIRECT_OFFICIAL_DETAIL_REVIEW,Aeroneb® Lab Control Module,aeroneb-lab-control-module,NEB-7000,summary_is_other_product:aeroneb-lab-nebulizer-unit | supplier_support_contamination | no_structured_sections | low_resolution_assets:4 | legacy_image_url_arrays_present | content_starts_with_other_products:aeroneb-lab-nebulizer-unit,https://www.kentscientific.com/products/aeroneb-lab-control-module/
8,NEEDS_FIX,DIRECT_OFFICIAL_DETAIL_REVIEW,Aeroneb® Lab Control Module Kit,aeroneb-lab-control-module-kit,NEB-7000SM,summary_is_other_product:standalone-flowmeter-with-stand-0-05lpm | price_or_commerce_contamination | supplier_support_contamination | no_structured_sections | low_resolution_assets:3 | legacy_image_url_arrays_present | content_starts_with_other_products:aeroneb-lab-control-module|nose-cone-nebulizer-delivery-system|standalone-flowmeter-with-stand-0-05lpm,https://www.kentscientific.com/products/aeroneb-lab-control-module-kit/
9,NEEDS_FIX,DIRECT_OFFICIAL_DETAIL_REVIEW,Aeroneb® Lab Nebulizer,aeroneb-lab-nebulizer-unit,NEB-1000,summary_is_other_product:aeroneb-lab-control-module | price_or_commerce_contamination | supplier_support_contamination | no_structured_sections | low_resolution_assets:3 | legacy_image_url_arrays_present | content_starts_with_other_products:aeroneb-lab-control-module|anesthesia-mask-nebulizer-delivery-system,https://www.kentscientific.com/products/aeroneb-lab-nebulizer-unit/
10,NEEDS_FIX,DIRECT_OFFICIAL_DETAIL_REVIEW,Analog Output Cable,analog-output-cable,CBL-ANAOUT-MINI,no_structured_sections | low_resolution_assets:3 | legacy_image_url_arrays_present | content_starts_with_other_products:physiosuite|somnosuite,https://www.kentscientific.com/products/analog-output-cable/
11,NEEDS_FIX,DIRECT_OFFICIAL_DETAIL_REVIEW,Anesthesia Mask Nebulizer Delivery System,anesthesia-mask-nebulizer-delivery-system,NEB-0801,summary_is_other_product:aeroneb-lab-nebulizer-unit | price_or_commerce_contamination | supplier_support_contamination | no_structured_sections | low_resolution_assets:4 | legacy_image_url_arrays_present | content_starts_with_other_products:aeroneb-lab-nebulizer-unit|chamber-nebulizer-delivery-system,https://www.kentscientific.com/products/anesthesia-mask-nebulizer-delivery-system/
12,NEEDS_FIX,DIRECT_OFFICIAL_DETAIL_REVIEW,Anesthesia Mask Tubing Kits for Intubation,anesthesia-mask-tubing-kits-for-intubation,N/A,price_or_commerce_contamination | no_structured_sections | low_resolution_assets:3 | legacy_image_url_arrays_present,https://www.kentscientific.com/products/anesthesia-mask-tubing-kits-for-intubation/
13,NEEDS_FIX,DIRECT_OFFICIAL_DETAIL_REVIEW,Anesthesia Masks Breathing Circuits for SomnoSuite®,anesthesia-masks-breathing-circuits-for-somnosuite,SOMNO-0304,price_or_commerce_contamination | supplier_support_contamination | no_structured_sections | low_resolution_assets:3 | legacy_image_url_arrays_present | content_starts_with_other_products:somnoflo|somnosuite,https://www.kentscientific.com/products/anesthesia-masks-breathing-circuits-for-somnosuite/
14,NEEDS_FIX,DIRECT_OFFICIAL_DETAIL_REVIEW,Anesthesia Masks Breathing Circuits for Traditional Vaporizers,anesthesia-masks-breathing-circuits-for-traditional-vaporizers,VETFLO-0304,summary_is_other_product:anesthesia-masks-breathing-circuits-for-somnosuite | price_or_commerce_contamination | supplier_support_contamination | no_structured_sections | low_resolution_assets:3 | legacy_image_url_arrays_present | content_starts_with_other_products:anesthesia-masks-breathing-circuits-for-somnosuite|anesthetic-depth-indicator|somnosuite,https://www.kentscientific.com/products/anesthesia-masks-breathing-circuits-for-traditional-vaporizers/
15,NEEDS_FIX,DIRECT_OFFICIAL_DETAIL_REVIEW,Anesthetic Depth Indicator,anesthetic-depth-indicator,ANEST-IND,summary_is_other_product:anesthesia-masks-breathing-circuits-for-traditional-vaporizers | no_structured_sections | low_resolution_assets:3 | legacy_image_url_arrays_present | content_starts_with_other_products:anesthesia-masks-breathing-circuits-for-traditional-vaporizers|anti-spill-device-for-funnel-filled-vaporizers,https://www.kentscientific.com/products/anesthetic-depth-indicator/
16,NEEDS_FIX,DIRECT_OFFICIAL_DETAIL_REVIEW,Angled 5 Tweezer Kit,angled-5-tweezer-kit,INS750-KIT,summary_is_other_product:autoclip-applier | no_structured_sections | low_resolution_assets:2 | legacy_image_url_arrays_present | content_starts_with_other_products:autoclip-applier,https://www.kentscientific.com/products/angled-5-tweezer-kit/
17,NEEDS_FIX,DIRECT_OFFICIAL_DETAIL_REVIEW,Animal Chamber Nebulizer Delivery System,chamber-nebulizer-delivery-system,NEB-0530LG,summary_is_other_product:anesthesia-mask-nebulizer-delivery-system | price_or_commerce_contamination | supplier_support_contamination | no_structured_sections | low_resolution_assets:3 | legacy_image_url_arrays_present | content_starts_with_other_products:anesthesia-mask-nebulizer-delivery-system|lung-instillation-nebulizer-delivery-system,https://www.kentscientific.com/products/chamber-nebulizer-delivery-system/
18,NEEDS_FIX,DIRECT_OFFICIAL_DETAIL_REVIEW,Animal Holder Nebulizer Delivery System,nose-cone-nebulizer-delivery-system,NEB-MS,summary_is_other_product:aeroneb-lab-control-module-kit | price_or_commerce_contamination | supplier_support_contamination | no_structured_sections | low_resolution_assets:3 | legacy_image_url_arrays_present | content_starts_with_other_products:aeroneb-lab-control-module|aeroneb-lab-control-module-kit,https://www.kentscientific.com/products/nose-cone-nebulizer-delivery-system/
19,NEEDS_FIX,DIRECT_OFFICIAL_DETAIL_REVIEW,Animal Weighing Scale,animal-weighing-scale,SCL-4000,summary_is_other_product:accuris-mini-balances | supplier_support_contamination | no_structured_sections | low_resolution_assets:3 | legacy_image_url_arrays_present | content_starts_with_other_products:accuris-mini-balances|arco-se,https://www.kentscientific.com/products/animal-weighing-scale/
20,NEEDS_FIX,DIRECT_OFFICIAL_DETAIL_REVIEW,AniPill,anipill,,no_structured_sections | low_resolution_assets:2 | legacy_image_url_arrays_present,https://www.kentscientific.com/products/anipill/
21,NEEDS_FIX,DIRECT_OFFICIAL_DETAIL_REVIEW,Anti-Spill Device for Funnel Filled Vaporizers,anti-spill-device-for-funnel-filled-vaporizers,VETFLO-7105,summary_is_other_product:anesthetic-depth-indicator | price_or_commerce_contamination | no_structured_sections | low_resolution_assets:3 | legacy_image_url_arrays_present | content_starts_with_other_products:anesthetic-depth-indicator|holder-for-activated-charcoal-absorption-filter,https://www.kentscientific.com/products/anti-spill-device-for-funnel-filled-vaporizers/
22,NEEDS_FIX,DIRECT_OFFICIAL_DETAIL_REVIEW,"Anti-Spill, Anti-Vapor Bottle Top Adapter",somnosuite-anti-spill-anti-vapor-bottle-top-adapter,SOMNO-FILL-SEVO,price_or_commerce_contamination | no_structured_sections | low_resolution_assets:4 | legacy_image_url_arrays_present | content_starts_with_other_products:somnosuite,https://www.kentscientific.com/products/somnosuite-anti-spill-anti-vapor-bottle-top-adapter/
23,NEEDS_FIX,DIRECT_OFFICIAL_DETAIL_REVIEW,ARCO® SE Kit,arco-se,CL8786-KIT,summary_is_other_product:animal-weighing-scale | supplier_support_contamination | no_structured_sections | low_resolution_assets:3 | legacy_image_url_arrays_present | content_starts_with_other_products:animal-weighing-scale|bravmini-professional-cordless-trimmer-kit,https://www.kentscientific.com/products/arco-se/
24,NEEDS_FIX,DIRECT_OFFICIAL_DETAIL_REVIEW,Autoclip Applier,autoclip-applier,INS750545,summary_is_other_product:angled-5-tweezer-kit | no_structured_sections | low_resolution_assets:3 | legacy_image_url_arrays_present | content_starts_with_other_products:angled-5-tweezer-kit|autoclips-9-mm,https://www.kentscientific.com/products/autoclip-applier/
25,NEEDS_FIX,DIRECT_OFFICIAL_DETAIL_REVIEW,Autoclips 9 mm,autoclips-9-mm,INS750546,summary_is_other_product:autoclip-applier | no_structured_sections | low_resolution_assets:3 | legacy_image_url_arrays_present | content_starts_with_other_products:autoclip-applier|castroviejo-needle-holder-serrated,https://www.kentscientific.com/products/autoclips-9-mm/
26,NEEDS_FIX,DIRECT_OFFICIAL_DETAIL_REVIEW,Bluetooth Low Energy Handheld Reader,bluetooth-low-energy-handheld-reader,LID-710,summary_is_other_product:la-pias-ear-tag-applicator | price_or_commerce_contamination | supplier_support_contamination | no_structured_sections | low_resolution_assets:2 | legacy_image_url_arrays_present | content_starts_with_other_products:ear-tag-applicator-with-spring-1|la-pias-ear-tag-applicator,https://www.kentscientific.com/products/bluetooth-low-energy-handheld-reader/
27,NEEDS_FIX,DIRECT_OFFICIAL_DETAIL_REVIEW,Cannula Adapter,cannula-adapter,3468ADH,summary_is_other_product:analog-output-cable | no_structured_sections | low_resolution_assets:3 | legacy_image_url_arrays_present | content_starts_with_other_products:analog-output-cable|external-powerbank,https://www.kentscientific.com/products/cannula-adapter/
28,NEEDS_FIX,DIRECT_OFFICIAL_DETAIL_REVIEW,Castroviejo Needle Holder Serrated,castroviejo-needle-holder-serrated,INS600137,summary_is_other_product:autoclips-9-mm | no_structured_sections | low_resolution_assets:3 | legacy_image_url_arrays_present | content_starts_with_other_products:autoclips-9-mm|dissecting-scissors-straight-10-cm-long,https://www.kentscientific.com/products/castroviejo-needle-holder-serrated/
29,NEEDS_FIX,DIRECT_OFFICIAL_DETAIL_REVIEW,CODA® Animal Holders,coda-animal-holders,HLD-ML,summary_is_other_product:coda-cuff-storage-container | price_or_commerce_contamination | supplier_support_contamination | no_structured_sections | low_resolution_assets:2 | legacy_image_url_arrays_present | content_starts_with_other_products:coda-cuff-storage-container,https://www.kentscientific.com/products/coda-animal-holders/
30,NEEDS_FIX,DIRECT_OFFICIAL_DETAIL_REVIEW,CODA® Cuff Storage Container,coda-cuff-storage-container,CODA-CSC,summary_is_other_product:coda-animal-holders | no_structured_sections | low_resolution_assets:4 | legacy_image_url_arrays_present | content_starts_with_other_products:coda-animal-holders|coda-data-acquisition-software|coda-monitor,https://www.kentscientific.com/products/coda-cuff-storage-container/
31,NEEDS_FIX,DIRECT_OFFICIAL_DETAIL_REVIEW,CODA® Data Acquisition Software,coda-data-acquisition-software,CODA-PCS42,summary_is_other_product:coda-cuff-storage-container | supplier_support_contamination | no_structured_sections | low_resolution_assets:3 | legacy_image_url_arrays_present | content_starts_with_other_products:coda-cuff-storage-container|coda-high-throughput-cuff-kits,https://www.kentscientific.com/products/coda-data-acquisition-software/
32,NEEDS_FIX,DIRECT_OFFICIAL_DETAIL_REVIEW,CODA® High Throughput Cuff Kits,coda-high-throughput-cuff-kits,MSE-CUFFKIT,summary_is_other_product:coda-data-acquisition-software | price_or_commerce_contamination | supplier_support_contamination | no_structured_sections | low_resolution_assets:3 | legacy_image_url_arrays_present | content_starts_with_other_products:coda-data-acquisition-software|coda-high-throughput-system,https://www.kentscientific.com/products/coda-high-throughput-cuff-kits/
33,NEEDS_FIX,DIRECT_OFFICIAL_DETAIL_REVIEW,CODA® High Throughput Occlusion Cuffs,coda-high-throughput-occlusion-cuffs,N/A,summary_is_other_product:coda-high-throughput-vpr-cuffs | price_or_commerce_contamination | supplier_support_contamination | no_structured_sections | low_resolution_assets:2 | legacy_image_url_arrays_present | content_starts_with_other_products:coda-high-throughput-vpr-cuffs|coda-monitor|coda-monitor-vpr-cuff-kits,https://www.kentscientific.com/products/coda-high-throughput-occlusion-cuffs/
34,NEEDS_FIX,DIRECT_OFFICIAL_DETAIL_REVIEW,CODA® High Throughput System,coda-high-throughput-system,CODA-HT2,price_or_commerce_contamination | supplier_support_contamination | no_structured_sections | low_resolution_assets:6 | legacy_image_url_arrays_present,https://www.kentscientific.com/products/coda-high-throughput-system/
35,NEEDS_FIX,DIRECT_OFFICIAL_DETAIL_REVIEW,CODA® High Throughput VPR Cuffs,coda-high-throughput-vpr-cuffs,N/A,price_or_commerce_contamination | supplier_support_contamination | no_structured_sections | low_resolution_assets:3 | legacy_image_url_arrays_present | content_starts_with_other_products:coda-high-throughput-occlusion-cuffs,https://www.kentscientific.com/products/coda-high-throughput-vpr-cuffs/
36,NEEDS_FIX,DIRECT_OFFICIAL_DETAIL_REVIEW,CODA® Monitor,coda-monitor,CODA-M1,price_or_commerce_contamination | supplier_support_contamination | no_structured_sections | low_resolution_assets:7 | legacy_image_url_arrays_present,https://www.kentscientific.com/products/coda-monitor/
37,NEEDS_FIX,DIRECT_OFFICIAL_DETAIL_REVIEW,CODA® Monitor Animal Holders,nose-cone-animal-holders-with-stand,HLD-ML-T,summary_is_other_product:nebulizer-animal-holders | price_or_commerce_contamination | supplier_support_contamination | no_structured_sections | low_resolution_assets:4 | legacy_image_url_arrays_present | content_starts_with_other_products:coda-monitor|nebulizer-animal-holders|replacement-bladder-kits,https://www.kentscientific.com/products/nose-cone-animal-holders-with-stand/
38,NEEDS_FIX,DIRECT_OFFICIAL_DETAIL_REVIEW,CODA® Monitor Cuff Kits,coda-monitor-cuff-kits,M-OCC-L,summary_is_other_product:coda-high-throughput-system | price_or_commerce_contamination | supplier_support_contamination | no_structured_sections | low_resolution_assets:3 | legacy_image_url_arrays_present | content_starts_with_other_products:coda-high-throughput-system|coda-monitor,https://www.kentscientific.com/products/coda-monitor-cuff-kits/
39,NEEDS_FIX,DIRECT_OFFICIAL_DETAIL_REVIEW,CODA® Monitor Occlusion Cuff Kits,coda-monitor-occlusion-cuff-kits,M-OCC-XS,summary_is_other_product:coda-monitor-vpr-cuff-kits | price_or_commerce_contamination | supplier_support_contamination | no_structured_sections | duplicate_variant_sku:M-OCC-XS | low_resolution_assets:2 | legacy_image_url_arrays_present | content_starts_with_other_products:coda-monitor|coda-monitor-vpr-cuff-kits,https://www.kentscientific.com/products/coda-monitor-occlusion-cuff-kits/
40,NEEDS_FIX,DIRECT_OFFICIAL_DETAIL_REVIEW,CODA® Monitor VPR Cuff Kits,coda-monitor-vpr-cuff-kits,M-OCC-L-1,summary_is_other_product:coda-high-throughput-occlusion-cuffs | price_or_commerce_contamination | supplier_support_contamination | no_structured_sections | low_resolution_assets:2 | legacy_image_url_arrays_present | content_starts_with_other_products:coda-high-throughput-occlusion-cuffs|coda-monitor|coda-monitor-occlusion-cuff-kits,https://www.kentscientific.com/products/coda-monitor-vpr-cuff-kits/
41,NEEDS_FIX,DIRECT_OFFICIAL_DETAIL_REVIEW,Curved Feeding Needles,curved-feeding-needles,FNC-14-3-2,summary_is_other_product:straight-feeding-needles | price_or_commerce_contamination | supplier_support_contamination | no_structured_sections | low_resolution_assets:2 | legacy_image_url_arrays_present | content_starts_with_other_products:straight-feeding-needles,https://www.kentscientific.com/products/curved-feeding-needles/
42,NEEDS_FIX,DIRECT_OFFICIAL_DETAIL_REVIEW,Cylinder Bracket,cylinder-bracket,MC-101,summary_is_other_product:mobile-cart-for-laboratory-equipment-small | no_structured_sections | low_resolution_assets:3 | legacy_image_url_arrays_present | content_starts_with_other_products:mobile-cart-for-laboratory-equipment-small,https://www.kentscientific.com/products/cylinder-bracket/
43,NEEDS_FIX,DIRECT_OFFICIAL_DETAIL_REVIEW,Disposable Sleeve Protectors for DCT-15 and DCT-20 Far Infrared Warming Pads,disposable-sleeve-protectors-for-dct-15-and-dct-20-far-infrared-warming-pads,DCT-1520P-3,summary_is_other_product:disposable-warming-pads | no_structured_sections | low_resolution_assets:2 | legacy_image_url_arrays_present | content_starts_with_other_products:far-infrared-warming-pad|disposable-warming-pads,https://www.kentscientific.com/products/disposable-sleeve-protectors-for-dct-15-and-dct-20-far-infrared-warming-pads/
44,NEEDS_FIX,DIRECT_OFFICIAL_DETAIL_REVIEW,Dissecting Scissors Straight 10 cm Long,dissecting-scissors-straight-10-cm-long,INS600393-4,summary_is_other_product:castroviejo-needle-holder-serrated | no_structured_sections | low_resolution_assets:3 | legacy_image_url_arrays_present | content_starts_with_other_products:castroviejo-needle-holder-serrated|elastic-wire-positioner,https://www.kentscientific.com/products/dissecting-scissors-straight-10-cm-long/
45,NEEDS_FIX,DIRECT_OFFICIAL_DETAIL_REVIEW,Ear Tag Applicator,ear-tag-applicator-with-spring-1,TAG-APP,summary_is_other_product:stamped-ear-tags | supplier_support_contamination | no_structured_sections | low_resolution_assets:4 | legacy_image_url_arrays_present | content_starts_with_other_products:la-pias-ear-tags-extra-backs|stamped-ear-tags,https://www.kentscientific.com/products/ear-tag-applicator-with-spring-1/
46,NEEDS_FIX,DIRECT_OFFICIAL_DETAIL_REVIEW,Elastic Wire Positioners,elastic-wire-positioner,SURGI-5019-3,no_structured_sections | low_resolution_assets:3 | legacy_image_url_arrays_present,https://www.kentscientific.com/products/elastic-wire-positioner/
47,NEEDS_FIX,DIRECT_OFFICIAL_DETAIL_REVIEW,Elizabethan Collars,elizabethan-collars,EC201V-10,summary_is_other_product:bravmini-professional-cordless-trimmer-kit | price_or_commerce_contamination | supplier_support_contamination | no_structured_sections | low_resolution_assets:3 | legacy_image_url_arrays_present | content_starts_with_other_products:flat-bottom-rodent-holders|bravmini-professional-cordless-trimmer-kit,https://www.kentscientific.com/products/elizabethan-collars/
48,NEEDS_FIX,DIRECT_OFFICIAL_DETAIL_REVIEW,Endotracheal Intubation Kits,endotracheal-intubation-kits,ETI-MSE,summary_is_other_product:anesthesia-mask-tubing-kits-for-intubation | price_or_commerce_contamination | supplier_support_contamination | no_structured_sections | low_resolution_assets:7 | legacy_image_url_arrays_present | content_starts_with_other_products:anesthesia-mask-tubing-kits-for-intubation|endotracheal-tubes,https://www.kentscientific.com/products/endotracheal-intubation-kits/
49,NEEDS_FIX,DIRECT_OFFICIAL_DETAIL_REVIEW,Endotracheal Tubes,endotracheal-tubes,ETT-1610,summary_is_other_product:endotracheal-intubation-kits | price_or_commerce_contamination | no_structured_sections | low_resolution_assets:4 | legacy_image_url_arrays_present | content_starts_with_other_products:endotracheal-intubation-kits|fiber-optic-lighting-assembly,https://www.kentscientific.com/products/endotracheal-tubes/
50,NEEDS_FIX,DIRECT_OFFICIAL_DETAIL_REVIEW,External Powerbank,external-powerbank,EXT-PWRBANK,supplier_support_contamination | no_structured_sections | low_resolution_assets:3 | legacy_image_url_arrays_present | content_starts_with_other_products:coda-monitor|physiosuite|somnoflo|somnosuite,https://www.kentscientific.com/products/external-powerbank/
51,NEEDS_FIX,DIRECT_OFFICIAL_DETAIL_REVIEW,Far Infrared Warming Pad,far-infrared-warming-pad,RT-0501,price_or_commerce_contamination | no_structured_sections | low_resolution_assets:3 | legacy_image_url_arrays_present | content_starts_with_other_products:righttemp,https://www.kentscientific.com/products/far-infrared-warming-pad/
52,NEEDS_FIX,DIRECT_OFFICIAL_DETAIL_REVIEW,Far Infrared Warming Pads with Controller,far-infrared-warming-pads-with-controller,RT-0515,price_or_commerce_contamination | supplier_support_contamination | no_structured_sections | low_resolution_assets:3 | legacy_image_url_arrays_present,https://www.kentscientific.com/products/far-infrared-warming-pads-with-controller/
53,NEEDS_FIX,DIRECT_OFFICIAL_DETAIL_REVIEW,Fiber Optic Lighting Assembly,fiber-optic-lighting-assembly,ETI-12,summary_is_other_product:endotracheal-tubes | no_structured_sections | low_resolution_assets:3 | legacy_image_url_arrays_present | content_starts_with_other_products:endotracheal-tubes|fiber-optic-lighting-kits,https://www.kentscientific.com/products/fiber-optic-lighting-assembly/
54,NEEDS_FIX,DIRECT_OFFICIAL_DETAIL_REVIEW,Fiber Optic Lighting Kits,fiber-optic-lighting-kits,ETI-MSE-02,price_or_commerce_contamination | supplier_support_contamination | no_structured_sections | low_resolution_assets:3 | legacy_image_url_arrays_present | content_starts_with_other_products:endotracheal-tubes,https://www.kentscientific.com/products/fiber-optic-lighting-kits/
55,NEEDS_FIX,DIRECT_OFFICIAL_DETAIL_REVIEW,Fine Dressing Forceps 10 cm Long,fine-dressing-forceps-10-cm-long,INS650914-4,summary_is_other_product:elastic-wire-positioner | no_structured_sections | low_resolution_assets:3 | legacy_image_url_arrays_present | content_starts_with_other_products:elastic-wire-positioner|hartman-mosquito-hemostatic-forceps-curved,https://www.kentscientific.com/products/fine-dressing-forceps-10-cm-long/
56,NEEDS_FIX,DIRECT_OFFICIAL_DETAIL_REVIEW,"Fine Dressing Forceps, 15.5 cm Long",fine-dressing-forceps-155-cm-long,INS750363-4,summary_is_other_product:super-fine-dressing-forceps-125-cm-long | no_structured_sections | low_resolution_assets:2 | legacy_image_url_arrays_present | content_starts_with_other_products:super-fine-dressing-forceps-125-cm-long,https://www.kentscientific.com/products/fine-dressing-forceps-155-cm-long/
57,NEEDS_FIX,DIRECT_OFFICIAL_DETAIL_REVIEW,Flat Bottom Rodent Holders,flat-bottom-rodent-holders,RSTR541,summary_is_other_product:elizabethan-collars | price_or_commerce_contamination | supplier_support_contamination | no_structured_sections | low_resolution_assets:3 | legacy_image_url_arrays_present | content_starts_with_other_products:elizabethan-collars|miniarco-clipper,https://www.kentscientific.com/products/flat-bottom-rodent-holders/
58,NEEDS_FIX,DIRECT_OFFICIAL_DETAIL_REVIEW,"Glass Syringe, 10 mL",glass-syringe-10-ml,SOMNO-10ML,price_or_commerce_contamination | no_structured_sections | low_resolution_assets:3 | legacy_image_url_arrays_present | content_starts_with_other_products:somnosuite,https://www.kentscientific.com/products/glass-syringe-10-ml/
59,NEEDS_FIX,DIRECT_OFFICIAL_DETAIL_REVIEW,"Glass Syringe, 5 mL",glass-syringe-5-ml,N/A,price_or_commerce_contamination | no_structured_sections | low_resolution_assets:2 | legacy_image_url_arrays_present | content_starts_with_other_products:somnosuite,https://www.kentscientific.com/products/glass-syringe-5-ml/
60,NEEDS_FIX,DIRECT_OFFICIAL_DETAIL_REVIEW,Hartman Mosquito Hemostatic Forceps Curved,hartman-mosquito-hemostatic-forceps-curved,INS750452-2,summary_is_other_product:fine-dressing-forceps-10-cm-long | no_structured_sections | low_resolution_assets:3 | legacy_image_url_arrays_present | content_starts_with_other_products:fine-dressing-forceps-10-cm-long|instrument-micro-bead-sterilizer,https://www.kentscientific.com/products/hartman-mosquito-hemostatic-forceps-curved/
61,NEEDS_FIX,DIRECT_OFFICIAL_DETAIL_REVIEW,"Hartman Mosquito Hemostatic Forceps, Straight",hartman-mosquito-hemostatic-forceps-straight,INS750451-2,summary_is_other_product:tweezer-5b-001-mm-tips-45-angle | no_structured_sections | low_resolution_assets:3 | legacy_image_url_arrays_present | content_starts_with_other_products:super-fine-dressing-forceps-125-cm-long|tweezer-5b-001-mm-tips-45-angle,https://www.kentscientific.com/products/hartman-mosquito-hemostatic-forceps-straight/
62,NEEDS_FIX,DIRECT_OFFICIAL_DETAIL_REVIEW,Holder for Activated Charcoal Absorption Filter,holder-for-activated-charcoal-absorption-filter,SOMNO-2001H,summary_is_other_product:anti-spill-device-for-funnel-filled-vaporizers | no_structured_sections | low_resolution_assets:4 | legacy_image_url_arrays_present | content_starts_with_other_products:activated-charcoal-absorption-filters-1|anti-spill-device-for-funnel-filled-vaporizers|low-cost-chambers-for-somnosuite,https://www.kentscientific.com/products/holder-for-activated-charcoal-absorption-filter/
63,NEEDS_FIX,DIRECT_OFFICIAL_DETAIL_REVIEW,HTP-1500 Heat Therapy Pump,htp-1500-heat-therapy-pump,HTP-1500,summary_is_other_product:far-infrared-warming-pads-with-controller | supplier_support_contamination | no_structured_sections | low_resolution_assets:3 | legacy_image_url_arrays_present | content_starts_with_other_products:far-infrared-warming-pad|far-infrared-warming-pads-with-controller|righttemp|righttemp-jr,https://www.kentscientific.com/products/htp-1500-heat-therapy-pump/
64,NEEDS_FIX,DIRECT_OFFICIAL_DETAIL_REVIEW,Humaneway™ Blood Collection Needles,humaneway-blood-collection-needles,BLD-HW-BS,summary_is_other_product:humaneway-rodent-restraint | no_structured_sections | low_resolution_assets:2 | legacy_image_url_arrays_present | content_starts_with_other_products:humaneway-rodent-restraint,https://www.kentscientific.com/products/humaneway-blood-collection-needles/
65,NEEDS_FIX,DIRECT_OFFICIAL_DETAIL_REVIEW,Humaneway™ Injection and Blood Collection Needles,humaneway-winged-infusion-sets,INF-HW-BI,summary_is_other_product:humaneway-rodent-restraint | no_structured_sections | low_resolution_assets:3 | legacy_image_url_arrays_present | content_starts_with_other_products:humaneway-rodent-restraint|microvette-100-capillary-blood-collection-with-round-bottom-inner-tube-edta,https://www.kentscientific.com/products/humaneway-winged-infusion-sets/
66,NEEDS_FIX,DIRECT_OFFICIAL_DETAIL_REVIEW,Humaneway™ Rodent Restraint Device,humaneway-rodent-restraint,RSTR-HW-MR1,summary_is_other_product:humaneway-blood-collection-needles | price_or_commerce_contamination | supplier_support_contamination | no_structured_sections | low_resolution_assets:3 | legacy_image_url_arrays_present | content_starts_with_other_products:humaneway-blood-collection-needles|humaneway-winged-infusion-sets,https://www.kentscientific.com/products/humaneway-rodent-restraint/
67,NEEDS_FIX,DIRECT_OFFICIAL_DETAIL_REVIEW,Humaneway™ Tail Vein Simulator,tail-vein-simulator,TAIL-HW-MSBK,summary_is_other_product:humaneway-winged-infusion-sets | price_or_commerce_contamination | no_structured_sections | low_resolution_assets:2 | legacy_image_url_arrays_present | content_starts_with_other_products:humaneway-winged-infusion-sets,https://www.kentscientific.com/products/tail-vein-simulator/
68,NEEDS_FIX,DIRECT_OFFICIAL_DETAIL_REVIEW,Instrument Micro Bead Sterilizer,instrument-micro-bead-sterilizer,INS700860,summary_is_other_product:hartman-mosquito-hemostatic-forceps-curved | price_or_commerce_contamination | supplier_support_contamination | no_structured_sections | low_resolution_assets:3 | legacy_image_url_arrays_present | content_starts_with_other_products:hartman-mosquito-hemostatic-forceps-curved|iris-dressing-forceps,https://www.kentscientific.com/products/instrument-micro-bead-sterilizer/
69,NEEDS_FIX,DIRECT_OFFICIAL_DETAIL_REVIEW,Intubation Stands,intubation-stands,ETI-MSE-01,price_or_commerce_contamination | supplier_support_contamination | no_structured_sections | low_resolution_assets:3 | legacy_image_url_arrays_present,https://www.kentscientific.com/products/intubation-stands/
70,NEEDS_FIX,DIRECT_OFFICIAL_DETAIL_REVIEW,Iris Dressing Forceps,iris-dressing-forceps,INS650915-4,summary_is_other_product:instrument-micro-bead-sterilizer | no_structured_sections | low_resolution_assets:3 | legacy_image_url_arrays_present | content_starts_with_other_products:instrument-micro-bead-sterilizer|iris-scissors-straight-11-cm-long,https://www.kentscientific.com/products/iris-dressing-forceps/
71,NEEDS_FIX,DIRECT_OFFICIAL_DETAIL_REVIEW,Iris Scissors Straight 11 cm Long,iris-scissors-straight-11-cm-long,INS750216-2,summary_is_other_product:iris-dressing-forceps | no_structured_sections | low_resolution_assets:3 | legacy_image_url_arrays_present | content_starts_with_other_products:iris-dressing-forceps|led-lighting-kit,https://www.kentscientific.com/products/iris-scissors-straight-11-cm-long/
72,NEEDS_FIX,DIRECT_OFFICIAL_DETAIL_REVIEW,La Pias Ear Tag Applicator,la-pias-ear-tag-applicator,LPTAG-APP,summary_is_other_product:bluetooth-low-energy-handheld-reader | price_or_commerce_contamination | no_structured_sections | low_resolution_assets:3 | legacy_image_url_arrays_present | content_starts_with_other_products:bluetooth-low-energy-handheld-reader|ear-tag-applicator-with-spring-1|la-pias-mouse-ear-tags,https://www.kentscientific.com/products/la-pias-ear-tag-applicator/
73,NEEDS_FIX,DIRECT_OFFICIAL_DETAIL_REVIEW,La Pias Ear Tags Extra Backs,la-pias-ear-tags-extra-backs,LPTAG-BACKS,summary_is_other_product:ear-tag-applicator-with-spring-1 | supplier_support_contamination | no_structured_sections | low_resolution_assets:3 | legacy_image_url_arrays_present | content_starts_with_other_products:ear-tag-applicator-with-spring-1,https://www.kentscientific.com/products/la-pias-ear-tags-extra-backs/
74,NEEDS_FIX,DIRECT_OFFICIAL_DETAIL_REVIEW,La Pias Mouse Ear Tags,la-pias-mouse-ear-tags,N/A,summary_is_other_product:la-pias-ear-tag-applicator | price_or_commerce_contamination | supplier_support_contamination | no_structured_sections | low_resolution_assets:3 | legacy_image_url_arrays_present | content_starts_with_other_products:ear-tag-applicator-with-spring-1|la-pias-ear-tag-applicator|la-pias-rat-ear-tags,https://www.kentscientific.com/products/la-pias-mouse-ear-tags/
75,NEEDS_FIX,DIRECT_OFFICIAL_DETAIL_REVIEW,La Pias Rat Ear Tags,la-pias-rat-ear-tags,RLPTAG-BLACK-1-100,summary_is_other_product:la-pias-mouse-ear-tags | price_or_commerce_contamination | supplier_support_contamination | no_structured_sections | low_resolution_assets:3 | legacy_image_url_arrays_present | content_starts_with_other_products:la-pias-mouse-ear-tags|laser-etched-ear-tags-one-sided,https://www.kentscientific.com/products/la-pias-rat-ear-tags/
76,NEEDS_FIX,DIRECT_OFFICIAL_DETAIL_REVIEW,Large Animal Sensors,large-animal-sensors,MSTAT-SENSOR-LG,price_or_commerce_contamination | no_structured_sections | low_resolution_assets:3 | legacy_image_url_arrays_present | content_starts_with_other_products:mousestat-jr|physiosuite|somnosuite,https://www.kentscientific.com/products/large-animal-sensors/
77,NEEDS_FIX,DIRECT_OFFICIAL_DETAIL_REVIEW,"Laser Etched Ear Tags, One Sided",laser-etched-ear-tags-one-sided,TAGL1-500,summary_is_other_product:la-pias-rat-ear-tags | price_or_commerce_contamination | supplier_support_contamination | no_structured_sections | low_resolution_assets:5 | legacy_image_url_arrays_present | content_starts_with_other_products:la-pias-rat-ear-tags|laser-etched-ear-tags-two-sided,https://www.kentscientific.com/products/laser-etched-ear-tags-one-sided/
78,NEEDS_FIX,DIRECT_OFFICIAL_DETAIL_REVIEW,"Laser Etched Ear Tags, Two Sided",laser-etched-ear-tags-two-sided,TAGLD1-500,summary_is_other_product:laser-etched-ear-tags-one-sided | price_or_commerce_contamination | supplier_support_contamination | no_structured_sections | low_resolution_assets:5 | legacy_image_url_arrays_present | content_starts_with_other_products:laser-etched-ear-tags-one-sided|micro-transponder-with-lancet-for-direct-implantation,https://www.kentscientific.com/products/laser-etched-ear-tags-two-sided/
79,NEEDS_FIX,DIRECT_OFFICIAL_DETAIL_REVIEW,LED Lighting and Magnification Kit,led-lighting-kit,SURGI-5003,supplier_support_contamination | no_structured_sections | low_resolution_assets:3 | legacy_image_url_arrays_present,https://www.kentscientific.com/products/led-lighting-kit/
80,NEEDS_FIX,DIRECT_OFFICIAL_DETAIL_REVIEW,Low Cost Chambers,low-cost-chambers-for-somnosuite,SOMNO-0705,price_or_commerce_contamination | supplier_support_contamination | no_structured_sections | low_resolution_assets:2 | legacy_image_url_arrays_present | content_starts_with_other_products:somnoflo|somnosuite,https://www.kentscientific.com/products/low-cost-chambers-for-somnosuite/
81,NEEDS_FIX,CONFIRMED_LOCAL_CANONICAL_DEFECT,Low Cost Chambers for Traditional Vaporizers,low-cost-chambers-for-traditional-vaporizers,VETFLO-0705,summary_is_other_product:low-cost-chambers-for-somnosuite | price_or_commerce_contamination | supplier_support_contamination | no_structured_sections | low_resolution_assets:2 | legacy_image_url_arrays_present | content_starts_with_other_products:low-cost-chambers-for-somnosuite|low-profile-anesthesia-masks-for-somnosuite,https://www.kentscientific.com/products/low-cost-chambers-for-traditional-vaporizers/
82,NEEDS_FIX,CONFIRMED_LOCAL_CANONICAL_DEFECT,Low Profile Anesthesia Masks for Traditional Vaporizers,low-profile-anesthesia-masks-for-traditional-vaporizers,VETFLO-0801,summary_is_other_product:low-profile-anesthesia-masks-for-somnosuite | price_or_commerce_contamination | supplier_support_contamination | no_structured_sections | low_resolution_assets:5 | legacy_image_url_arrays_present | content_starts_with_other_products:low-profile-anesthesia-masks-for-somnosuite|oxygen-concentrator,https://www.kentscientific.com/products/low-profile-anesthesia-masks-for-traditional-vaporizers/
83,NEEDS_FIX,CONFIRMED_LOCAL_CANONICAL_DEFECT,Low-Profile Anesthesia Masks,low-profile-anesthesia-masks-for-somnosuite,SOMNO-0801,price_or_commerce_contamination | supplier_support_contamination | no_structured_sections | low_resolution_assets:5 | legacy_image_url_arrays_present | content_starts_with_other_products:somnoflo|somnosuite,https://www.kentscientific.com/products/low-profile-anesthesia-masks-for-somnosuite/
84,NEEDS_FIX,CONFIRMED_LOCAL_CANONICAL_DEFECT,Lung Instillation Nebulizer Delivery System,lung-instillation-nebulizer-delivery-system,NEB-1200,summary_is_other_product:chamber-nebulizer-delivery-system | supplier_support_contamination | no_structured_sections | low_resolution_assets:3 | legacy_image_url_arrays_present | content_starts_with_other_products:chamber-nebulizer-delivery-system|nebulizer-adapter-kit,https://www.kentscientific.com/products/lung-instillation-nebulizer-delivery-system/
85,NEEDS_FIX,CONFIRMED_LOCAL_CANONICAL_DEFECT,Magnetic Fixators with Spring Locks,magnetic-fixators-with-spring-locks,SURGI-5010-2,price_or_commerce_contamination | no_structured_sections | low_resolution_assets:5 | legacy_image_url_arrays_present,https://www.kentscientific.com/products/magnetic-fixators-with-spring-locks/
86,NEEDS_FIX,CONFIRMED_LOCAL_CANONICAL_DEFECT,Magnetic Positioners and Stabilizers,magnetic-positioners-and-stabilizers,SURGI-5030-2,summary_is_other_product:magnetic-fixators-with-spring-locks | no_structured_sections | low_resolution_assets:3 | legacy_image_url_arrays_present | content_starts_with_other_products:magnetic-fixators-with-spring-locks|mayo-operating-scissors-straight,https://www.kentscientific.com/products/magnetic-positioners-and-stabilizers/
87,NEEDS_FIX,CONFIRMED_LOCAL_CANONICAL_DEFECT,Mayo Operating Scissors Straight,mayo-operating-scissors-straight,INS700540,summary_is_other_product:magnetic-positioners-and-stabilizers | no_structured_sections | low_resolution_assets:3 | legacy_image_url_arrays_present | content_starts_with_other_products:magnetic-positioners-and-stabilizers|mcpherson-vannas-micro-scissors-7-cm-long,https://www.kentscientific.com/products/mayo-operating-scissors-straight/
88,NEEDS_FIX,CONFIRMED_LOCAL_CANONICAL_DEFECT,McPherson Vannas Micro Scissors 7 cm Long,mcpherson-vannas-micro-scissors-7-cm-long,INS600177,summary_is_other_product:mayo-operating-scissors-straight | no_structured_sections | low_resolution_assets:3 | legacy_image_url_arrays_present | content_starts_with_other_products:mayo-operating-scissors-straight|mcpherson-vannas-micro-scissors-8-cm-long,https://www.kentscientific.com/products/mcpherson-vannas-micro-scissors-7-cm-long/
89,NEEDS_FIX,CONFIRMED_LOCAL_CANONICAL_DEFECT,McPherson Vannas Micro Scissors 8 cm Long,mcpherson-vannas-micro-scissors-8-cm-long,INS600124,summary_is_other_product:mcpherson-vannas-micro-scissors-7-cm-long | no_structured_sections | low_resolution_assets:3 | legacy_image_url_arrays_present | content_starts_with_other_products:mcpherson-vannas-micro-scissors-7-cm-long|micro-bulldog-clamp,https://www.kentscientific.com/products/mcpherson-vannas-micro-scissors-8-cm-long/
90,NEEDS_FIX,CONFIRMED_LOCAL_CANONICAL_DEFECT,Micro Bulldog Clamp,micro-bulldog-clamp,INS600119-2,summary_is_other_product:mcpherson-vannas-micro-scissors-8-cm-long | no_structured_sections | low_resolution_assets:3 | legacy_image_url_arrays_present | content_starts_with_other_products:mcpherson-vannas-micro-scissors-8-cm-long|micro-dissecting-forceps-serrated-straight,https://www.kentscientific.com/products/micro-bulldog-clamp/
91,NEEDS_FIX,CONFIRMED_LOCAL_CANONICAL_DEFECT,Micro Dissecting Forceps Serrated Straight,micro-dissecting-forceps-serrated-straight,INS700100-2,summary_is_other_product:micro-bulldog-clamp | no_structured_sections | low_resolution_assets:3 | legacy_image_url_arrays_present | content_starts_with_other_products:micro-bulldog-clamp|mouse-and-rat-vessel-cannulation-kit,https://www.kentscientific.com/products/micro-dissecting-forceps-serrated-straight/
92,NEEDS_FIX,CONFIRMED_LOCAL_CANONICAL_DEFECT,Micro Transponder with Lancet for Direct Implantation,micro-transponder-with-lancet-for-direct-implantation,ID-100C-25,summary_is_other_product:laser-etched-ear-tags-two-sided | price_or_commerce_contamination | supplier_support_contamination | no_structured_sections | low_resolution_assets:5 | legacy_image_url_arrays_present | content_starts_with_other_products:laser-etched-ear-tags-two-sided|mid-range-reader-usb,https://www.kentscientific.com/products/micro-transponder-with-lancet-for-direct-implantation/
93,NEEDS_FIX,CONFIRMED_LOCAL_CANONICAL_DEFECT,Microvette® 100 Blood Collection Tubes,microvette-100-capillary-blood-collection-with-round-bottom-inner-tube-edta,MCVT100-EDTA,summary_is_other_product:humaneway-winged-infusion-sets | price_or_commerce_contamination | supplier_support_contamination | no_structured_sections | low_resolution_assets:3 | legacy_image_url_arrays_present | content_starts_with_other_products:humaneway-winged-infusion-sets|microvette-cb-300-blood-collection-system,https://www.kentscientific.com/products/microvette-100-capillary-blood-collection-with-round-bottom-inner-tube-edta/
94,NEEDS_FIX,CONFIRMED_LOCAL_CANONICAL_DEFECT,Microvette® 200 Blood Collection Tubes,microvette-200-capillary-blood-collection-with-round-bottom-inner-tube-edta,MCVT200-EDTA,summary_is_other_product:stainless-steel-brain-matrices | price_or_commerce_contamination | supplier_support_contamination | no_structured_sections | low_resolution_assets:2 | legacy_image_url_arrays_present | content_starts_with_other_products:stainless-steel-brain-matrices,https://www.kentscientific.com/products/microvette-200-capillary-blood-collection-with-round-bottom-inner-tube-edta/
95,NEEDS_FIX,CONFIRMED_LOCAL_CANONICAL_DEFECT,Microvette® CB 300 Blood Collection Tubes,microvette-cb-300-blood-collection-system,KMIC-EDTA,summary_is_other_product:microvette-100-capillary-blood-collection-with-round-bottom-inner-tube-edta | price_or_commerce_contamination | supplier_support_contamination | no_structured_sections | low_resolution_assets:3 | legacy_image_url_arrays_present | content_starts_with_other_products:microvette-100-capillary-blood-collection-with-round-bottom-inner-tube-edta|microvette-prepared-micro-tubes-with-screw-cap-closure-edta,https://www.kentscientific.com/products/microvette-cb-300-blood-collection-system/
96,NEEDS_FIX,CONFIRMED_LOCAL_CANONICAL_DEFECT,Microvette® Prepared Micro Tubes,microvette-prepared-micro-tubes-with-screw-cap-closure-edta,MTSC-EDTA,summary_is_other_product:microvette-cb-300-blood-collection-system | price_or_commerce_contamination | supplier_support_contamination | no_structured_sections | low_resolution_assets:3 | legacy_image_url_arrays_present | content_starts_with_other_products:microvette-cb-300-blood-collection-system|stainless-steel-brain-matrices,https://www.kentscientific.com/products/microvette-prepared-micro-tubes-with-screw-cap-closure-edta/
97,NEEDS_FIX,CONFIRMED_LOCAL_CANONICAL_DEFECT,Mid Range Reader USB,mid-range-reader-usb,LID-575,summary_is_other_product:micro-transponder-with-lancet-for-direct-implantation | supplier_support_contamination | no_structured_sections | low_resolution_assets:3 | legacy_image_url_arrays_present | content_starts_with_other_products:micro-transponder-with-lancet-for-direct-implantation|pistol-grip-implanter,https://www.kentscientific.com/products/mid-range-reader-usb/
98,NEEDS_FIX,CONFIRMED_LOCAL_CANONICAL_DEFECT,MiniARCO® Clipper Kit,miniarco-clipper,CL8787-KIT,summary_is_other_product:flat-bottom-rodent-holders | supplier_support_contamination | no_structured_sections | low_resolution_assets:3 | legacy_image_url_arrays_present | content_starts_with_other_products:flat-bottom-rodent-holders|mouse-handling-tunnels,https://www.kentscientific.com/products/miniarco-clipper/
99,NEEDS_FIX,CONFIRMED_LOCAL_CANONICAL_DEFECT,"Mobile Cart for Laboratory Equipment, Large",mobile-cart-for-laboratory-equipment-large,MC-02,summary_is_other_product:mobile-cart-for-laboratory-equipment-small | price_or_commerce_contamination | supplier_support_contamination | no_structured_sections | low_resolution_assets:4 | legacy_image_url_arrays_present | content_starts_with_other_products:mobile-cart-for-laboratory-equipment-small,https://www.kentscientific.com/products/mobile-cart-for-laboratory-equipment-large/
100,NEEDS_FIX,CONFIRMED_LOCAL_CANONICAL_DEFECT,"Mobile Cart for Laboratory Equipment, Small",mobile-cart-for-laboratory-equipment-small,MC-01,summary_is_other_product:mobile-cart-for-laboratory-equipment-large | price_or_commerce_contamination | supplier_support_contamination | no_structured_sections | low_resolution_assets:4 | legacy_image_url_arrays_present | content_starts_with_other_products:cylinder-bracket|mobile-cart-for-laboratory-equipment-large,https://www.kentscientific.com/products/mobile-cart-for-laboratory-equipment-small/
101,NEEDS_FIX,CONFIRMED_LOCAL_CANONICAL_DEFECT,Mouse Handling Tunnels,mouse-handling-tunnels,MSETUBE-AMB,summary_is_other_product:miniarco-clipper | price_or_commerce_contamination | supplier_support_contamination | no_structured_sections | low_resolution_assets:3 | legacy_image_url_arrays_present | content_starts_with_other_products:miniarco-clipper|nebulizer-animal-holders,https://www.kentscientific.com/products/mouse-handling-tunnels/
102,NEEDS_FIX,CONFIRMED_LOCAL_CANONICAL_DEFECT,Mouse Paw Pulse Oximeter Sensors,mouse-paw-pulse-oximeter-sensors,MSTAT-SENSOR-MSE,price_or_commerce_contamination | no_structured_sections | low_resolution_assets:3 | legacy_image_url_arrays_present | content_starts_with_other_products:mousestat-jr|physiosuite|somnosuite,https://www.kentscientific.com/products/mouse-paw-pulse-oximeter-sensors/
103,NEEDS_FIX,CONFIRMED_LOCAL_CANONICAL_DEFECT,Mouse Retractor Set,mouse-retractor-set,SURGI-5001,supplier_support_contamination | no_structured_sections | low_resolution_assets:4 | legacy_image_url_arrays_present,https://www.kentscientific.com/products/mouse-retractor-set/
104,NEEDS_FIX,CONFIRMED_LOCAL_CANONICAL_DEFECT,Mouse Surgical Kit,mouse-surgical-kit,INSMOUSEKIT,summary_is_other_product:mouse-retractor-set | supplier_support_contamination | no_structured_sections | low_resolution_assets:3 | legacy_image_url_arrays_present | content_starts_with_other_products:mouse-retractor-set|procedure-bowl,https://www.kentscientific.com/products/mouse-surgical-kit/
105,NEEDS_FIX,CONFIRMED_LOCAL_CANONICAL_DEFECT,MouseSTAT® Jr.,mousestat-jr,MSTAT-JR,supplier_support_contamination | no_structured_sections | low_resolution_assets:8 | legacy_image_url_arrays_present,https://www.kentscientific.com/products/mousestat-jr/
106,NEEDS_FIX,CONFIRMED_LOCAL_CANONICAL_DEFECT,MouseSTAT® Pulse Oximeter Whole Body Sensor for Mouse Pups,mousestat-pulse-oximeter-whole-body-sensors-for-mouse-pups,SPO2-9MM,no_structured_sections | low_resolution_assets:3 | legacy_image_url_arrays_present | content_starts_with_other_products:mousestat-jr|physiosuite,https://www.kentscientific.com/products/mousestat-pulse-oximeter-whole-body-sensors-for-mouse-pups/
107,NEEDS_FIX,CONFIRMED_LOCAL_CANONICAL_DEFECT,MouseSTAT® Pulse Oximeter Whole Body Sensors for Rat Pups,mousestat-pulse-oximeter-whole-body-sensors-for-rat-pups,SPO2-5MM,no_structured_sections | low_resolution_assets:3 | legacy_image_url_arrays_present | content_starts_with_other_products:mousestat-jr|physiosuite,https://www.kentscientific.com/products/mousestat-pulse-oximeter-whole-body-sensors-for-rat-pups/
108,NEEDS_FIX,CONFIRMED_LOCAL_CANONICAL_DEFECT,Nebulizer Adapter Kit,nebulizer-adapter-kit,NEB-1301,summary_is_other_product:lung-instillation-nebulizer-delivery-system | supplier_support_contamination | no_structured_sections | low_resolution_assets:3 | legacy_image_url_arrays_present | content_starts_with_other_products:lung-instillation-nebulizer-delivery-system|nebulizer-animal-holders,https://www.kentscientific.com/products/nebulizer-adapter-kit/
109,NEEDS_FIX,CONFIRMED_LOCAL_CANONICAL_DEFECT,Nebulizer Animal Holders,nebulizer-animal-holders,HLD-NEB-ML,summary_is_other_product:nebulizer-adapter-kit | price_or_commerce_contamination | supplier_support_contamination | no_structured_sections | low_resolution_assets:10 | legacy_image_url_arrays_present | content_starts_with_other_products:coda-monitor|nose-cone-animal-holders-with-stand|nebulizer-adapter-kit,https://www.kentscientific.com/products/nebulizer-animal-holders/
110,NEEDS_FIX,CONFIRMED_LOCAL_CANONICAL_DEFECT,Non-Contact Infrared Thermometer with Laser Sight,non-contact-infrared-thermometer-with-laser-sight,CODA-IRT,summary_is_other_product:mousestat-pulse-oximeter-whole-body-sensors-for-mouse-pups | supplier_support_contamination | no_structured_sections | low_resolution_assets:3 | legacy_image_url_arrays_present | content_starts_with_other_products:mousestat-pulse-oximeter-whole-body-sensors-for-mouse-pups|pulse-oximeter-paw-sensors-mri-compatible,https://www.kentscientific.com/products/non-contact-infrared-thermometer-with-laser-sight/
111,NEEDS_FIX,CONFIRMED_LOCAL_CANONICAL_DEFECT,Oxygen Concentrator,oxygen-concentrator,VETFLO-001,summary_is_other_product:low-profile-anesthesia-masks-for-traditional-vaporizers | price_or_commerce_contamination | supplier_support_contamination | no_structured_sections | low_resolution_assets:5 | legacy_image_url_arrays_present | content_starts_with_other_products:low-profile-anesthesia-masks-for-traditional-vaporizers|low-profile-anesthesia-masks-for-somnosuite,https://www.kentscientific.com/products/oxygen-concentrator/
112,NEEDS_FIX,CONFIRMED_LOCAL_CANONICAL_DEFECT,Oxygen Concentrator Filters,oxygen-concentrator-filters,N/A,summary_is_other_product:vetflo-two-channel-anesthesia-stand | price_or_commerce_contamination | no_structured_sections | low_resolution_assets:4 | legacy_image_url_arrays_present | content_starts_with_other_products:oxygen-concentrator|stereotaxic-adapter-kit|vetflo-two-channel-anesthesia-stand,https://www.kentscientific.com/products/oxygen-concentrator-filters/
113,NEEDS_FIX,CONFIRMED_LOCAL_CANONICAL_DEFECT,PhysioSuite®,physiosuite,PS-02,price_or_commerce_contamination | supplier_support_contamination | no_structured_sections | low_resolution_assets:6 | legacy_image_url_arrays_present,https://www.kentscientific.com/products/physiosuite/
114,NEEDS_FIX,CONFIRMED_LOCAL_CANONICAL_DEFECT,Pistol Grip Implanter,pistol-grip-implanter,IM-300C,summary_is_other_product:mid-range-reader-usb | no_structured_sections | low_resolution_assets:4 | legacy_image_url_arrays_present | content_starts_with_other_products:mid-range-reader-usb|pocket-reader-with-usb-connection,https://www.kentscientific.com/products/pistol-grip-implanter/
115,NEEDS_FIX,CONFIRMED_LOCAL_CANONICAL_DEFECT,Pocket Reader with USB Connection,pocket-reader-with-usb-connection,LID-573,summary_is_other_product:pistol-grip-implanter | supplier_support_contamination | no_structured_sections | low_resolution_assets:3 | legacy_image_url_arrays_present | content_starts_with_other_products:pistol-grip-implanter|stamped-ear-tags,https://www.kentscientific.com/products/pocket-reader-with-usb-connection/
116,NEEDS_FIX,CONFIRMED_LOCAL_CANONICAL_DEFECT,Preset Pressure Reducer,preset-pressure-reducer-for-somnosuite,SOMNO-7305,no_structured_sections | low_resolution_assets:3 | legacy_image_url_arrays_present | content_starts_with_other_products:somnoflo|somnosuite,https://www.kentscientific.com/products/preset-pressure-reducer-for-somnosuite/
117,NEEDS_FIX,CONFIRMED_LOCAL_CANONICAL_DEFECT,Procedure Bowl,procedure-bowl,SURGI-5020-3,no_structured_sections | low_resolution_assets:4 | legacy_image_url_arrays_present,https://www.kentscientific.com/products/procedure-bowl/
118,NEEDS_FIX,CONFIRMED_LOCAL_CANONICAL_DEFECT,Pulse Oximeter Paw Sensors MRI Compatible,pulse-oximeter-paw-sensors-mri-compatible,SPO2-5MM-MRI,price_or_commerce_contamination | no_structured_sections | low_resolution_assets:4 | legacy_image_url_arrays_present | content_starts_with_other_products:mousestat-jr|physiosuite,https://www.kentscientific.com/products/pulse-oximeter-paw-sensors-mri-compatible/
119,NEEDS_FIX,CONFIRMED_LOCAL_CANONICAL_DEFECT,Pulse Oximeter Sensor Extension Cable,pulse-oximeter-sensor-extension-cable,CBL-03-EXT-12,summary_is_other_product:pulse-oximeter-paw-sensors-mri-compatible | price_or_commerce_contamination | no_structured_sections | low_resolution_assets:3 | legacy_image_url_arrays_present | content_starts_with_other_products:pulse-oximeter-paw-sensors-mri-compatible,https://www.kentscientific.com/products/pulse-oximeter-sensor-extension-cable/
120,NEEDS_FIX,CONFIRMED_LOCAL_CANONICAL_DEFECT,Rat Retractor Set,rat-retractor-set,SURGI-5002,supplier_support_contamination | no_structured_sections | low_resolution_assets:4 | legacy_image_url_arrays_present,https://www.kentscientific.com/products/rat-retractor-set/
121,NEEDS_FIX,CONFIRMED_LOCAL_CANONICAL_DEFECT,Rat Surgical Kit,rat-surgical-kit,INSRATKIT,summary_is_other_product:rat-retractor-set | no_structured_sections | low_resolution_assets:3 | legacy_image_url_arrays_present | content_starts_with_other_products:rat-retractor-set|reflex-clip-applier,https://www.kentscientific.com/products/rat-surgical-kit/
122,NEEDS_FIX,CONFIRMED_LOCAL_CANONICAL_DEFECT,Rectal Probe for Mice,rectal-probe-for-mice,RET-3,supplier_support_contamination | no_structured_sections | low_resolution_assets:3 | legacy_image_url_arrays_present | content_starts_with_other_products:rectal-probe-for-rats,https://www.kentscientific.com/products/rectal-probe-for-mice/
123,NEEDS_FIX,CONFIRMED_LOCAL_CANONICAL_DEFECT,Rectal Probe for Rats,rectal-probe-for-rats,RET-2,summary_is_other_product:rectal-probe-for-mice | supplier_support_contamination | no_structured_sections | low_resolution_assets:3 | legacy_image_url_arrays_present | content_starts_with_other_products:rectal-probe-for-mice|righttemp|righttemp-sensor-for-animal-or-warming-pad,https://www.kentscientific.com/products/rectal-probe-for-rats/
124,NEEDS_FIX,CONFIRMED_LOCAL_CANONICAL_DEFECT,Reflex Clip Applier,reflex-clip-applier,INS750343,summary_is_other_product:rat-surgical-kit | price_or_commerce_contamination | no_structured_sections | low_resolution_assets:3 | legacy_image_url_arrays_present | content_starts_with_other_products:rat-surgical-kit|reflex-clips-7-mm,https://www.kentscientific.com/products/reflex-clip-applier/
125,NEEDS_FIX,CONFIRMED_LOCAL_CANONICAL_DEFECT,Reflex Clips 7 mm,reflex-clips-7-mm,INS750344,summary_is_other_product:reflex-clip-applier | price_or_commerce_contamination | no_structured_sections | low_resolution_assets:3 | legacy_image_url_arrays_present | content_starts_with_other_products:reflex-clip-applier|reflex-clips-9-mm,https://www.kentscientific.com/products/reflex-clips-7-mm/
126,NEEDS_FIX,CONFIRMED_LOCAL_CANONICAL_DEFECT,Reflex Clips 9 mm,reflex-clips-9-mm,INS750346,summary_is_other_product:reflex-clips-7-mm | price_or_commerce_contamination | no_structured_sections | low_resolution_assets:3 | legacy_image_url_arrays_present | content_starts_with_other_products:reflex-clips-7-mm|removing-forceps,https://www.kentscientific.com/products/reflex-clips-9-mm/
127,NEEDS_FIX,CONFIRMED_LOCAL_CANONICAL_DEFECT,Removing Forceps,removing-forceps,INS750347,summary_is_other_product:reflex-clips-9-mm | no_structured_sections | low_resolution_assets:3 | legacy_image_url_arrays_present | content_starts_with_other_products:reflex-clips-9-mm|replacement-glass-beads,https://www.kentscientific.com/products/removing-forceps/
128,NEEDS_FIX,CONFIRMED_LOCAL_CANONICAL_DEFECT,Replacement Bladder Kits,replacement-bladder-kits,OCC-L-BLAD,summary_is_other_product:nose-cone-animal-holders-with-stand | price_or_commerce_contamination | no_structured_sections | low_resolution_assets:3 | legacy_image_url_arrays_present | content_starts_with_other_products:coda-monitor|nose-cone-animal-holders-with-stand,https://www.kentscientific.com/products/replacement-bladder-kits/
129,NEEDS_FIX,CONFIRMED_LOCAL_CANONICAL_DEFECT,Replacement Diaphragms for SomnoSuite Anesthesia Masks,replacement-diaphragms-for-somnosuite-anesthesia-masks,SOMNO-0309,no_structured_sections | low_resolution_assets:3 | legacy_image_url_arrays_present | content_starts_with_other_products:sliding-top-chambers-for-somnosuite|somnosuite,https://www.kentscientific.com/products/replacement-diaphragms-for-somnosuite-anesthesia-masks/
130,NEEDS_FIX,CONFIRMED_LOCAL_CANONICAL_DEFECT,Replacement Glass Beads,replacement-glass-beads,INS700861-3,no_structured_sections | low_resolution_assets:3 | legacy_image_url_arrays_present | content_starts_with_other_products:instrument-micro-bead-sterilizer,https://www.kentscientific.com/products/replacement-glass-beads/
131,NEEDS_FIX,CONFIRMED_LOCAL_CANONICAL_DEFECT,Replacement Surgical Field Covers,replacement-surgical-field-covers,SURGI-5021-2,price_or_commerce_contamination | no_structured_sections | low_resolution_assets:4 | legacy_image_url_arrays_present,https://www.kentscientific.com/products/replacement-surgical-field-covers/
132,NEEDS_FIX,CONFIRMED_LOCAL_CANONICAL_DEFECT,Retractor Tips,retractor-tips,SURGI-5014-2,price_or_commerce_contamination | no_structured_sections | low_resolution_assets:3 | legacy_image_url_arrays_present,https://www.kentscientific.com/products/retractor-tips/
133,NEEDS_FIX,CONFIRMED_LOCAL_CANONICAL_DEFECT,Retractor Wires,retractor-wires,SURGI-5012-2,price_or_commerce_contamination | supplier_support_contamination | no_structured_sections | low_resolution_assets:3 | legacy_image_url_arrays_present,https://www.kentscientific.com/products/retractor-wires/
134,NEEDS_FIX,CONFIRMED_LOCAL_CANONICAL_DEFECT,RightTemp®,righttemp,555,price_or_commerce_contamination | supplier_support_contamination | no_structured_sections | low_resolution_assets:11 | legacy_image_url_arrays_present,https://www.kentscientific.com/products/righttemp/
135,NEEDS_FIX,CONFIRMED_LOCAL_CANONICAL_DEFECT,RightTemp® Jr.,righttemp-jr,RT-JR,price_or_commerce_contamination | supplier_support_contamination | no_structured_sections | low_resolution_assets:3 | legacy_image_url_arrays_present | content_starts_with_other_products:far-infrared-warming-pad,https://www.kentscientific.com/products/righttemp-jr/
136,NEEDS_FIX,CONFIRMED_LOCAL_CANONICAL_DEFECT,RightTemp® Sensor for Animal or Warming Pad,righttemp-sensor-for-animal-or-warming-pad,RT-0001-9,summary_is_other_product:rectal-probe-for-rats | price_or_commerce_contamination | supplier_support_contamination | no_structured_sections | low_resolution_assets:3 | legacy_image_url_arrays_present | content_starts_with_other_products:physiosuite|rectal-probe-for-rats|righttemp|rovent-jr|somnosuite,https://www.kentscientific.com/products/righttemp-sensor-for-animal-or-warming-pad/
137,NEEDS_FIX,CONFIRMED_LOCAL_CANONICAL_DEFECT,RoVent®,rovent,RV-04,price_or_commerce_contamination | supplier_support_contamination | no_structured_sections | low_resolution_assets:4 | legacy_image_url_arrays_present | content_starts_with_other_products:righttemp,https://www.kentscientific.com/products/rovent/
138,NEEDS_FIX,CONFIRMED_LOCAL_CANONICAL_DEFECT,RoVent® Jr.,rovent-jr,RV-JR,supplier_support_contamination | no_structured_sections | low_resolution_assets:2 | legacy_image_url_arrays_present,https://www.kentscientific.com/products/rovent-jr/
139,NEEDS_FIX,CONFIRMED_LOCAL_CANONICAL_DEFECT,SkinScanner,skinscanner-1,SKINSCANNER,supplier_support_contamination | no_structured_sections | low_resolution_assets:6 | legacy_image_url_arrays_present,https://www.kentscientific.com/products/skinscanner-1/
140,NEEDS_FIX,CONFIRMED_LOCAL_CANONICAL_DEFECT,Sliding Top Chambers,sliding-top-chambers-for-somnosuite,N/A,price_or_commerce_contamination | no_structured_sections | low_resolution_assets:3 | legacy_image_url_arrays_present | content_starts_with_other_products:somnoflo|somnosuite,https://www.kentscientific.com/products/sliding-top-chambers-for-somnosuite/
141,NEEDS_FIX,CONFIRMED_LOCAL_CANONICAL_DEFECT,Sliding Top Chambers for Traditional Vaporizers,sliding-top-chambers-for-traditional-vaporizers,N/A,summary_is_other_product:sliding-top-chambers-for-somnosuite | price_or_commerce_contamination | supplier_support_contamination | no_structured_sections | low_resolution_assets:3 | legacy_image_url_arrays_present | content_starts_with_other_products:sliding-top-chambers-for-somnosuite|somnoflo,https://www.kentscientific.com/products/sliding-top-chambers-for-traditional-vaporizers/
142,NEEDS_FIX,CONFIRMED_LOCAL_CANONICAL_DEFECT,Small Bulldog Clamp,small-bulldog-clamp,INS600118-2,summary_is_other_product:retractor-wires | no_structured_sections | low_resolution_assets:3 | legacy_image_url_arrays_present | content_starts_with_other_products:retractor-wires,https://www.kentscientific.com/products/small-bulldog-clamp/
143,NEEDS_FIX,CONFIRMED_LOCAL_CANONICAL_DEFECT,SomnoFlo®,somnoflo,SF-01,price_or_commerce_contamination | supplier_support_contamination | no_structured_sections | low_resolution_assets:3 | legacy_image_url_arrays_present,https://www.kentscientific.com/products/somnoflo/
144,NEEDS_FIX,CONFIRMED_LOCAL_CANONICAL_DEFECT,SomnoFlo® O2Care,somnoflo-o2care,SF-06,price_or_commerce_contamination | supplier_support_contamination | no_structured_sections | low_resolution_assets:4 | legacy_image_url_arrays_present | content_starts_with_other_products:somnoflo,https://www.kentscientific.com/products/somnoflo-o2care/
145,NEEDS_FIX,CONFIRMED_LOCAL_CANONICAL_DEFECT,SomnoSuite®,somnosuite,SS-01,price_or_commerce_contamination | supplier_support_contamination | no_structured_sections | low_resolution_assets:7 | legacy_image_url_arrays_present,https://www.kentscientific.com/products/somnosuite/
146,NEEDS_FIX,CONFIRMED_LOCAL_CANONICAL_DEFECT,SomnoSuite® Delivery Tube,somnosuite-delivery-tube,10-4000-66,summary_is_other_product:somnosuite-anti-spill-anti-vapor-bottle-top-adapter | no_structured_sections | low_resolution_assets:3 | legacy_image_url_arrays_present | content_starts_with_other_products:somnosuite-y-adapter|somnosuite-anti-spill-anti-vapor-bottle-top-adapter|somnosuite,https://www.kentscientific.com/products/somnosuite-delivery-tube/
147,NEEDS_FIX,CONFIRMED_LOCAL_CANONICAL_DEFECT,Spring Scissors Straight 12 cm Long Extra Fine,spring-scissors-straight-12-cm-long-extra-fine,INS600125,no_structured_sections | low_resolution_assets:3 | legacy_image_url_arrays_present | content_starts_with_other_products:sterile-disposable-towel-drapes,https://www.kentscientific.com/products/spring-scissors-straight-12-cm-long-extra-fine/
148,NEEDS_FIX,CONFIRMED_LOCAL_CANONICAL_DEFECT,Stainless Steel Brain Matrices,stainless-steel-brain-matrices,RBMS-200C,summary_is_other_product:microvette-prepared-micro-tubes-with-screw-cap-closure-edta | price_or_commerce_contamination | supplier_support_contamination | no_structured_sections | low_resolution_assets:5 | legacy_image_url_arrays_present | content_starts_with_other_products:microvette-200-capillary-blood-collection-with-round-bottom-inner-tube-edta|microvette-prepared-micro-tubes-with-screw-cap-closure-edta,https://www.kentscientific.com/products/stainless-steel-brain-matrices/
149,NEEDS_FIX,CONFIRMED_LOCAL_CANONICAL_DEFECT,Stamped Ear Tags,stamped-ear-tags,TAGS1-500,summary_is_other_product:pocket-reader-with-usb-connection | price_or_commerce_contamination | supplier_support_contamination | no_structured_sections | low_resolution_assets:5 | legacy_image_url_arrays_present | content_starts_with_other_products:ear-tag-applicator-with-spring-1|pocket-reader-with-usb-connection,https://www.kentscientific.com/products/stamped-ear-tags/
150,NEEDS_FIX,CONFIRMED_LOCAL_CANONICAL_DEFECT,Standalone Flowmeter with Stand,standalone-flowmeter-with-stand-0-05lpm,NEB-1400,summary_is_other_product:nebulizer-animal-holders | no_structured_sections | low_resolution_assets:3 | legacy_image_url_arrays_present | content_starts_with_other_products:aeroneb-lab-control-module|aeroneb-lab-control-module-kit|nebulizer-animal-holders,https://www.kentscientific.com/products/standalone-flowmeter-with-stand-0-05lpm/
151,NEEDS_FIX,CONFIRMED_LOCAL_CANONICAL_DEFECT,Stereotaxic Adapter Kit,stereotaxic-adapter-kit,10-4500-18,summary_is_other_product:oxygen-concentrator-filters | no_structured_sections | low_resolution_assets:3 | legacy_image_url_arrays_present | content_starts_with_other_products:glass-syringe-10-ml|oxygen-concentrator|oxygen-concentrator-filters,https://www.kentscientific.com/products/stereotaxic-adapter-kit/
152,NEEDS_FIX,CONFIRMED_LOCAL_CANONICAL_DEFECT,Sterile Disposable Towel Drapes,sterile-disposable-towel-drapes,SURGI-5023-3,price_or_commerce_contamination | no_structured_sections | low_resolution_assets:3 | legacy_image_url_arrays_present,https://www.kentscientific.com/products/sterile-disposable-towel-drapes/
153,NEEDS_FIX,CONFIRMED_LOCAL_CANONICAL_DEFECT,Straight #5 Tweezer Kit,straight-5-tweezer-kit,INS600-KIT,summary_is_other_product:sterile-disposable-towel-drapes | no_structured_sections | low_resolution_assets:3 | legacy_image_url_arrays_present | content_starts_with_other_products:sterile-disposable-towel-drapes|straight-serrated-needle-holder-14-cm-long,https://www.kentscientific.com/products/straight-5-tweezer-kit/
154,NEEDS_FIX,CONFIRMED_LOCAL_CANONICAL_DEFECT,Straight Feeding Needles,straight-feeding-needles,FNS-18-2-2,summary_is_other_product:curved-feeding-needles | price_or_commerce_contamination | supplier_support_contamination | no_structured_sections | low_resolution_assets:2 | legacy_image_url_arrays_present | content_starts_with_other_products:curved-feeding-needles,https://www.kentscientific.com/products/straight-feeding-needles/
155,NEEDS_FIX,CONFIRMED_LOCAL_CANONICAL_DEFECT,Straight Serrated Needle Holder 14 cm Long,straight-serrated-needle-holder-14-cm-long,INS600110-2,summary_is_other_product:straight-5-tweezer-kit | price_or_commerce_contamination | no_structured_sections | low_resolution_assets:3 | legacy_image_url_arrays_present | content_starts_with_other_products:straight-5-tweezer-kit|supercut-iris-scissors-straight-125-cm-long,https://www.kentscientific.com/products/straight-serrated-needle-holder-14-cm-long/
156,NEEDS_FIX,CONFIRMED_LOCAL_CANONICAL_DEFECT,"Super Fine Dressing Forceps, 12.5 cm Long",super-fine-dressing-forceps-125-cm-long,INS650908-4,summary_is_other_product:hartman-mosquito-hemostatic-forceps-straight | no_structured_sections | low_resolution_assets:3 | legacy_image_url_arrays_present | content_starts_with_other_products:fine-dressing-forceps-155-cm-long|hartman-mosquito-hemostatic-forceps-straight,https://www.kentscientific.com/products/super-fine-dressing-forceps-125-cm-long/
157,NEEDS_FIX,CONFIRMED_LOCAL_CANONICAL_DEFECT,Supercut Iris Scissors Straight 12.5 cm Long,supercut-iris-scissors-straight-125-cm-long,INS600225-2,summary_is_other_product:straight-serrated-needle-holder-14-cm-long | no_structured_sections | low_resolution_assets:3 | legacy_image_url_arrays_present | content_starts_with_other_products:straight-serrated-needle-holder-14-cm-long|surgical-magnifier-glasses,https://www.kentscientific.com/products/supercut-iris-scissors-straight-125-cm-long/
158,NEEDS_FIX,CONFIRMED_LOCAL_CANONICAL_DEFECT,Surgical Magnifier Glasses,surgical-magnifier-glasses,SL-001,summary_is_other_product:supercut-iris-scissors-straight-125-cm-long | no_structured_sections | low_resolution_assets:3 | legacy_image_url_arrays_present | content_starts_with_other_products:supercut-iris-scissors-straight-125-cm-long,https://www.kentscientific.com/products/surgical-magnifier-glasses/
159,NEEDS_FIX,CONFIRMED_LOCAL_CANONICAL_DEFECT,Tube Rodent Holders,tube-rodent-holders,RSTR551,summary_is_other_product:nose-cone-animal-holders-with-stand | price_or_commerce_contamination | supplier_support_contamination | no_structured_sections | low_resolution_assets:2 | legacy_image_url_arrays_present | content_starts_with_other_products:coda-monitor|nose-cone-animal-holders-with-stand,https://www.kentscientific.com/products/tube-rodent-holders/
160,NEEDS_FIX,CONFIRMED_LOCAL_CANONICAL_DEFECT,Tweezer #5 0.06 mm Tips,tweezer-5-006-mm-tips,INS600098-2,summary_is_other_product:tweezer-5-006-mm-tips-curved | no_structured_sections | low_resolution_assets:3 | legacy_image_url_arrays_present | content_starts_with_other_products:tweezer-5-006-mm-tips-curved|tweezer-5b-001-mm-tips-45-angle,https://www.kentscientific.com/products/tweezer-5-006-mm-tips/
161,NEEDS_FIX,CONFIRMED_LOCAL_CANONICAL_DEFECT,Tweezer 5 0.01 mm Tips,tweezer-5-001-mm-tips,INS600095-2,no_structured_sections | low_resolution_assets:3 | legacy_image_url_arrays_present | content_starts_with_other_products:tweezer-5-0025-mm-tips,https://www.kentscientific.com/products/tweezer-5-001-mm-tips/
162,NEEDS_FIX,CONFIRMED_LOCAL_CANONICAL_DEFECT,Tweezer 5 0.025 mm Tips,tweezer-5-0025-mm-tips,INS750085-A,summary_is_other_product:tweezer-5-001-mm-tips | no_structured_sections | low_resolution_assets:3 | legacy_image_url_arrays_present | content_starts_with_other_products:tweezer-5-006-mm-tips|tweezer-5-001-mm-tips|tweezer-5-006-mm-tips-curved,https://www.kentscientific.com/products/tweezer-5-0025-mm-tips/
163,NEEDS_FIX,CONFIRMED_LOCAL_CANONICAL_DEFECT,Tweezer 5 0.06 mm Tips Curved,tweezer-5-006-mm-tips-curved,INS750232-2,summary_is_other_product:tweezer-5-0025-mm-tips | no_structured_sections | low_resolution_assets:3 | legacy_image_url_arrays_present | content_starts_with_other_products:tweezer-5-006-mm-tips|tweezer-5-0025-mm-tips,https://www.kentscientific.com/products/tweezer-5-006-mm-tips-curved/
164,NEEDS_FIX,CONFIRMED_LOCAL_CANONICAL_DEFECT,Tweezer 5B 0.01 mm Tips 45 Angle,tweezer-5b-001-mm-tips-45-angle,INS750234,summary_is_other_product:tweezer-5-006-mm-tips | no_structured_sections | low_resolution_assets:3 | legacy_image_url_arrays_present | content_starts_with_other_products:hartman-mosquito-hemostatic-forceps-straight|tweezer-5-006-mm-tips,https://www.kentscientific.com/products/tweezer-5b-001-mm-tips-45-angle/
165,NEEDS_FIX,CONFIRMED_LOCAL_CANONICAL_DEFECT,Type JKT Thermocouple Meter,type-jkt-thermocouple-meter,WD-20250-91,summary_is_other_product:righttemp-sensor-for-animal-or-warming-pad | supplier_support_contamination | no_structured_sections | low_resolution_assets:3 | legacy_image_url_arrays_present | content_starts_with_other_products:righttemp|righttemp-sensor-for-animal-or-warming-pad,https://www.kentscientific.com/products/type-jkt-thermocouple-meter/
166,NEEDS_FIX,CONFIRMED_LOCAL_CANONICAL_DEFECT,Vaporizer for Isoflurane Funnel Filled,vaporizer-for-isoflurane-funnel-filled,VETFLO-1231,summary_is_other_product:somnosuite | price_or_commerce_contamination | supplier_support_contamination | no_structured_sections | low_resolution_assets:3 | legacy_image_url_arrays_present | content_starts_with_other_products:somnosuite|vaporizer-for-isoflurane-key-filled,https://www.kentscientific.com/products/vaporizer-for-isoflurane-funnel-filled/
167,NEEDS_FIX,CONFIRMED_LOCAL_CANONICAL_DEFECT,Vaporizer for Isoflurane Key Filled,vaporizer-for-isoflurane-key-filled,VETFLO-1231K,summary_is_other_product:vaporizer-for-isoflurane-funnel-filled | supplier_support_contamination | no_structured_sections | low_resolution_assets:3 | legacy_image_url_arrays_present | content_starts_with_other_products:vaporizer-for-isoflurane-funnel-filled|vaporizer-for-sevoflurane-key-filled,https://www.kentscientific.com/products/vaporizer-for-isoflurane-key-filled/
168,NEEDS_FIX,CONFIRMED_LOCAL_CANONICAL_DEFECT,Vaporizer for Sevoflurane Key Filled,vaporizer-for-sevoflurane-key-filled,VETFLO-1235K,summary_is_other_product:vaporizer-for-isoflurane-key-filled | supplier_support_contamination | no_structured_sections | low_resolution_assets:3 | legacy_image_url_arrays_present | content_starts_with_other_products:vaporizer-for-isoflurane-key-filled|vetflo-four-channel-anesthesia-stand,https://www.kentscientific.com/products/vaporizer-for-sevoflurane-key-filled/
169,NEEDS_FIX,CONFIRMED_LOCAL_CANONICAL_DEFECT,Vessel Cannulation Kit,mouse-and-rat-vessel-cannulation-kit,INSVCKIT,no_structured_sections | low_resolution_assets:3 | legacy_image_url_arrays_present,https://www.kentscientific.com/products/mouse-and-rat-vessel-cannulation-kit/
170,NEEDS_FIX,CONFIRMED_LOCAL_CANONICAL_DEFECT,VetFlo™ Four Channel Anesthesia Stand,vetflo-four-channel-anesthesia-stand,VETFLO-1220,summary_is_other_product:vaporizer-for-sevoflurane-key-filled | no_structured_sections | low_resolution_assets:5 | legacy_image_url_arrays_present | content_starts_with_other_products:vaporizer-for-sevoflurane-key-filled|vetflo-single-channel-anesthesia-stand,https://www.kentscientific.com/products/vetflo-four-channel-anesthesia-stand/
171,NEEDS_FIX,CONFIRMED_LOCAL_CANONICAL_DEFECT,VetFlo™ Single Channel Anesthesia Stand,vetflo-single-channel-anesthesia-stand,VETFLO-1205,summary_is_other_product:vetflo-four-channel-anesthesia-stand | price_or_commerce_contamination | no_structured_sections | low_resolution_assets:5 | legacy_image_url_arrays_present | content_starts_with_other_products:vetflo-four-channel-anesthesia-stand|vetflo-six-channel-anesthesia-stand,https://www.kentscientific.com/products/vetflo-single-channel-anesthesia-stand/
172,NEEDS_FIX,CONFIRMED_LOCAL_CANONICAL_DEFECT,VetFlo™ Six Channel Anesthesia Stand,vetflo-six-channel-anesthesia-stand,VETFLO-1225,summary_is_other_product:vetflo-single-channel-anesthesia-stand | no_structured_sections | low_resolution_assets:5 | legacy_image_url_arrays_present | content_starts_with_other_products:vetflo-single-channel-anesthesia-stand|vetflo-two-channel-anesthesia-stand,https://www.kentscientific.com/products/vetflo-six-channel-anesthesia-stand/
173,NEEDS_FIX,CONFIRMED_LOCAL_CANONICAL_DEFECT,VetFlo™ Two Channel Anesthesia Stand,vetflo-two-channel-anesthesia-stand,VETFLO-1215,summary_is_other_product:vetflo-six-channel-anesthesia-stand | no_structured_sections | low_resolution_assets:5 | legacy_image_url_arrays_present | content_starts_with_other_products:oxygen-concentrator|oxygen-concentrator-filters|vetflo-six-channel-anesthesia-stand,https://www.kentscientific.com/products/vetflo-two-channel-anesthesia-stand/
174,NEEDS_FIX,CONFIRMED_LOCAL_CANONICAL_DEFECT,VetFlo™ Vaporizer,vaporizer-with-vetflo-single-channel-anesthesia-stand,N/A,price_or_commerce_contamination | supplier_support_contamination | no_structured_sections | low_resolution_assets:9 | legacy_image_url_arrays_present,https://www.kentscientific.com/products/vaporizer-with-vetflo-single-channel-anesthesia-stand/
175,NEEDS_FIX,CONFIRMED_LOCAL_CANONICAL_DEFECT,Wahl® BravMini+ Professional Cordless Clipper Kit,bravmini-professional-cordless-trimmer-kit,CL7300-KIT,summary_is_other_product:arco-se | no_structured_sections | low_resolution_assets:3 | legacy_image_url_arrays_present | content_starts_with_other_products:arco-se|elizabethan-collars,https://www.kentscientific.com/products/bravmini-professional-cordless-trimmer-kit/
176,NEEDS_FIX,CONFIRMED_LOCAL_CANONICAL_DEFECT,Water Recirculating Warming Pads,disposable-warming-pads,TPZ-814EA,summary_is_other_product:disposable-sleeve-protectors-for-dct-15-and-dct-20-far-infrared-warming-pads | no_structured_sections | low_resolution_assets:4 | legacy_image_url_arrays_present | content_starts_with_other_products:disposable-sleeve-protectors-for-dct-15-and-dct-20-far-infrared-warming-pads|far-infrared-warming-pad,https://www.kentscientific.com/products/disposable-warming-pads/
